"MILL_CD","MILL_NAME","TAX_AUTHORITY","TAX_AUTH_NAME","TAX_AUTH_SEQ","TAX_RATE_DSCR","TAX_RATE_DISPLAY","TAX_RATE_CALC"
"HR","SAFETY HARBOR","10A","GENERAL FUND","1","2025 Final","4.5423","0.0045423"
"HR","SAFETY HARBOR","10C","HEALTH DEPARTMENT","2","2025 Final","0.0713","7.13e-05"
"HR","SAFETY HARBOR","12A","PINELLAS COUNTY SCHOOL BOARD","5","2025 Final","3.045","0.003045"
"HR","SAFETY HARBOR","12B","SCHOOL LOCAL","6","2025 Final","3.248","0.003248"
"HR","SAFETY HARBOR","13","SUNCOAST TRANSIT AUTHORITY","14","2025 Final","0.73","0.00073"
"HR","SAFETY HARBOR","16","EMERGENCY MEDICAL SERVICE","4","2025 Final","0.805","0.000805"
"HR","SAFETY HARBOR","17A","PINELLAS PLANNING COUNCIL","3","2025 Final","0.0175","1.75e-05"
"HR","SAFETY HARBOR","17B","JUVENILE WELFARE BOARD","13","2025 Final","0.8250000000000001","0.000825"
"HR","SAFETY HARBOR","17C","SW FLORIDA WATER MANAGEMENT","11","2025 Final","0.1831","0.0001831"
"HR","SAFETY HARBOR","HR","SAFETY HARBOR","7","2025 Final","3.95","0.00395"
"IRB","INDIAN ROCKS BEACH","10A","GENERAL FUND","1","2025 Final","4.5423","0.0045423"
"IRB","INDIAN ROCKS BEACH","10C","HEALTH DEPARTMENT","2","2025 Final","0.0713","7.13e-05"
"IRB","INDIAN ROCKS BEACH","12A","PINELLAS COUNTY SCHOOL BOARD","5","2025 Final","3.045","0.003045"
"IRB","INDIAN ROCKS BEACH","12B","SCHOOL LOCAL","6","2025 Final","3.248","0.003248"
"IRB","INDIAN ROCKS BEACH","13","SUNCOAST TRANSIT AUTHORITY","14","2025 Final","0.73","0.00073"
"IRB","INDIAN ROCKS BEACH","16","EMERGENCY MEDICAL SERVICE","4","2025 Final","0.805","0.000805"
"IRB","INDIAN ROCKS BEACH","17A","PINELLAS PLANNING COUNCIL","3","2025 Final","0.0175","1.75e-05"
"IRB","INDIAN ROCKS BEACH","17B","JUVENILE WELFARE BOARD","13","2025 Final","0.8250000000000001","0.000825"
"IRB","INDIAN ROCKS BEACH","17C","SW FLORIDA WATER MANAGEMENT","11","2025 Final","0.1831","0.0001831"
"IRB","INDIAN ROCKS BEACH","IRB","INDIAN ROCKS BEACH","7","2025 Final","1.73","0.00173"
"IRB","INDIAN ROCKS BEACH","PSF","PINELLAS SUNCOAST FIRE","9","2025 Final","0.67","0.00067"
"KC","KENNETH CITY","10A","GENERAL FUND","1","2025 Final","4.5423","0.0045423"
"KC","KENNETH CITY","10C","HEALTH DEPARTMENT","2","2025 Final","0.0713","7.13e-05"
"KC","KENNETH CITY","12A","PINELLAS COUNTY SCHOOL BOARD","5","2025 Final","3.045","0.003045"
"KC","KENNETH CITY","12B","SCHOOL LOCAL","6","2025 Final","3.248","0.003248"
"KC","KENNETH CITY","16","EMERGENCY MEDICAL SERVICE","4","2025 Final","0.805","0.000805"
"KC","KENNETH CITY","17A","PINELLAS PLANNING COUNCIL","3","2025 Final","0.0175","1.75e-05"
"KC","KENNETH CITY","17B","JUVENILE WELFARE BOARD","13","2025 Final","0.8250000000000001","0.000825"
"KC","KENNETH CITY","17C","SW FLORIDA WATER MANAGEMENT","11","2025 Final","0.1831","0.0001831"
"KC","KENNETH CITY","KC","KENNETH CITY","7","2025 Final","5.4373000000000005","0.0054373"
"PFW","PINELLAS PARK FIRE, WTR MGT","10A","GENERAL FUND","1","2025 Final","4.5423","0.0045423"
"PFW","PINELLAS PARK FIRE, WTR MGT","10C","HEALTH DEPARTMENT","2","2025 Final","0.0713","7.13e-05"
"PFW","PINELLAS PARK FIRE, WTR MGT","11","MUNICIPAL SERVICE TAXING UNIT","7","2025 Final","2.0857","0.0020857"
"PFW","PINELLAS PARK FIRE, WTR MGT","12A","PINELLAS COUNTY SCHOOL BOARD","5","2025 Final","3.045","0.003045"
"PFW","PINELLAS PARK FIRE, WTR MGT","12B","SCHOOL LOCAL","6","2025 Final","3.248","0.003248"
"PFW","PINELLAS PARK FIRE, WTR MGT","13","SUNCOAST TRANSIT AUTHORITY","14","2025 Final","0.73","0.00073"
"PFW","PINELLAS PARK FIRE, WTR MGT","14","LIBRARY SERVICES","8","2025 Final","0.5","0.0005"
"PFW","PINELLAS PARK FIRE, WTR MGT","15","PINELLAS PARK WATER MANAGEMENT","16","2025 Final","1.867","0.001867"
"PFW","PINELLAS PARK FIRE, WTR MGT","16","EMERGENCY MEDICAL SERVICE","4","2025 Final","0.805","0.000805"
"PFW","PINELLAS PARK FIRE, WTR MGT","17A","PINELLAS PLANNING COUNCIL","3","2025 Final","0.0175","1.75e-05"
"PFW","PINELLAS PARK FIRE, WTR MGT","17B","JUVENILE WELFARE BOARD","13","2025 Final","0.8250000000000001","0.000825"
"PFW","PINELLAS PARK FIRE, WTR MGT","17C","SW FLORIDA WATER MANAGEMENT","11","2025 Final","0.1831","0.0001831"
"PFW","PINELLAS PARK FIRE, WTR MGT","PF","PINELLAS PARK FIRE","9","2025 Final","2.57","0.00257"
"PHMT","PALM HARBOR COM SVC","10A","GENERAL FUND","1","2025 Final","4.5423","0.0045423"
"PHMT","PALM HARBOR COM SVC","10C","HEALTH DEPARTMENT","2","2025 Final","0.0713","7.13e-05"
"PHMT","PALM HARBOR COM SVC","11","MUNICIPAL SERVICE TAXING UNIT","7","2025 Final","2.0857","0.0020857"
"PHMT","PALM HARBOR COM SVC","12A","PINELLAS COUNTY SCHOOL BOARD","5","2025 Final","3.045","0.003045"
"PHMT","PALM HARBOR COM SVC","12B","SCHOOL LOCAL","6","2025 Final","3.248","0.003248"
"PHMT","PALM HARBOR COM SVC","13","SUNCOAST TRANSIT AUTHORITY","14","2025 Final","0.73","0.00073"
"PHMT","PALM HARBOR COM SVC","16","EMERGENCY MEDICAL SERVICE","4","2025 Final","0.805","0.000805"
"PHMT","PALM HARBOR COM SVC","17A","PINELLAS PLANNING COUNCIL","3","2025 Final","0.0175","1.75e-05"
"PHMT","PALM HARBOR COM SVC","17B","JUVENILE WELFARE BOARD","13","2025 Final","0.8250000000000001","0.000825"
"PHMT","PALM HARBOR COM SVC","17C","SW FLORIDA WATER MANAGEMENT","11","2025 Final","0.1831","0.0001831"
"PHMT","PALM HARBOR COM SVC","PHF","PALM HARBOR FIRE","15","2025 Final","2.0","0.002"
"PHMT","PALM HARBOR COM SVC","PHM","PALM HARBOR COMMUNITY SERVICES","8","2025 Final","0.5","0.0005"
"PPW","PINELLAS PARK, PIN PK WTR MGT","10A","GENERAL FUND","1","2025 Final","4.5423","0.0045423"
"PPW","PINELLAS PARK, PIN PK WTR MGT","10C","HEALTH DEPARTMENT","2","2025 Final","0.0713","7.13e-05"
"PPW","PINELLAS PARK, PIN PK WTR MGT","12A","PINELLAS COUNTY SCHOOL BOARD","5","2025 Final","3.045","0.003045"
"PPW","PINELLAS PARK, PIN PK WTR MGT","12B","SCHOOL LOCAL","6","2025 Final","3.248","0.003248"
"PPW","PINELLAS PARK, PIN PK WTR MGT","13","SUNCOAST TRANSIT AUTHORITY","14","2025 Final","0.73","0.00073"
"PPW","PINELLAS PARK, PIN PK WTR MGT","15","PINELLAS PARK WATER MANAGEMENT","16","2025 Final","1.867","0.001867"
"PPW","PINELLAS PARK, PIN PK WTR MGT","16","EMERGENCY MEDICAL SERVICE","4","2025 Final","0.805","0.000805"
"PPW","PINELLAS PARK, PIN PK WTR MGT","17A","PINELLAS PLANNING COUNCIL","3","2025 Final","0.0175","1.75e-05"
"PPW","PINELLAS PARK, PIN PK WTR MGT","17B","JUVENILE WELFARE BOARD","13","2025 Final","0.8250000000000001","0.000825"
"PPW","PINELLAS PARK, PIN PK WTR MGT","17C","SW FLORIDA WATER MANAGEMENT","11","2025 Final","0.1831","0.0001831"
"PPW","PINELLAS PARK, PIN PK WTR MGT","PP","PINELLAS PARK","7","2025 Final","5.65","0.00565"
"SM","SEMINOLE","10A","GENERAL FUND","1","2025 Final","4.5423","0.0045423"
"SM","SEMINOLE","10C","HEALTH DEPARTMENT","2","2025 Final","0.0713","7.13e-05"
"SM","SEMINOLE","12A","PINELLAS COUNTY SCHOOL BOARD","5","2025 Final","3.045","0.003045"
"SM","SEMINOLE","12B","SCHOOL LOCAL","6","2025 Final","3.248","0.003248"
"SM","SEMINOLE","13","SUNCOAST TRANSIT AUTHORITY","14","2025 Final","0.73","0.00073"
"SM","SEMINOLE","16","EMERGENCY MEDICAL SERVICE","4","2025 Final","0.805","0.000805"
"SM","SEMINOLE","17A","PINELLAS PLANNING COUNCIL","3","2025 Final","0.0175","1.75e-05"
"SM","SEMINOLE","17B","JUVENILE WELFARE BOARD","13","2025 Final","0.8250000000000001","0.000825"
"SM","SEMINOLE","17C","SW FLORIDA WATER MANAGEMENT","11","2025 Final","0.1831","0.0001831"
"SM","SEMINOLE","SM","SEMINOLE","7","2025 Final","2.4793000000000003","0.0024793"
"SP","ST PETERSBURG","10A","GENERAL FUND","1","2025 Final","4.5423","0.0045423"
"SP","ST PETERSBURG","10C","HEALTH DEPARTMENT","2","2025 Final","0.0713","7.13e-05"
"SP","ST PETERSBURG","12A","PINELLAS COUNTY SCHOOL BOARD","5","2025 Final","3.045","0.003045"
"SP","ST PETERSBURG","12B","SCHOOL LOCAL","6","2025 Final","3.248","0.003248"
"SP","ST PETERSBURG","13","SUNCOAST TRANSIT AUTHORITY","14","2025 Final","0.73","0.00073"
"SP","ST PETERSBURG","16","EMERGENCY MEDICAL SERVICE","4","2025 Final","0.805","0.000805"
"SP","ST PETERSBURG","17A","PINELLAS PLANNING COUNCIL","3","2025 Final","0.0175","1.75e-05"
"SP","ST PETERSBURG","17B","JUVENILE WELFARE BOARD","13","2025 Final","0.8250000000000001","0.000825"
"SP","ST PETERSBURG","17C","SW FLORIDA WATER MANAGEMENT","11","2025 Final","0.1831","0.0001831"
"SP","ST PETERSBURG","SP","ST. PETERSBURG","7","2025 Final","6.452500000000001","0.0064525"
"SPA","SOUTH PASADENA","10A","GENERAL FUND","1","2025 Final","4.5423","0.0045423"
"SPA","SOUTH PASADENA","10C","HEALTH DEPARTMENT","2","2025 Final","0.0713","7.13e-05"
"SPA","SOUTH PASADENA","12A","PINELLAS COUNTY SCHOOL BOARD","5","2025 Final","3.045","0.003045"
"SPA","SOUTH PASADENA","12B","SCHOOL LOCAL","6","2025 Final","3.248","0.003248"
"SPA","SOUTH PASADENA","13","SUNCOAST TRANSIT AUTHORITY","14","2025 Final","0.73","0.00073"
"SPA","SOUTH PASADENA","16","EMERGENCY MEDICAL SERVICE","4","2025 Final","0.805","0.000805"
"SPA","SOUTH PASADENA","17A","PINELLAS PLANNING COUNCIL","3","2025 Final","0.0175","1.75e-05"
"SPA","SOUTH PASADENA","17B","JUVENILE WELFARE BOARD","13","2025 Final","0.8250000000000001","0.000825"
"SPA","SOUTH PASADENA","17C","SW FLORIDA WATER MANAGEMENT","11","2025 Final","0.1831","0.0001831"
"SPA","SOUTH PASADENA","SPA","SOUTH PASADENA","7","2025 Final","5.175","0.005175"
"STFU","SEMINOLE FIRE, USSD","10A","GENERAL FUND","1","2025 Final","4.5423","0.0045423"
"STFU","SEMINOLE FIRE, USSD","10C","HEALTH DEPARTMENT","2","2025 Final","0.0713","7.13e-05"
"STFU","SEMINOLE FIRE, USSD","11","MUNICIPAL SERVICE TAXING UNIT","7","2025 Final","2.0857","0.0020857"
"STFU","SEMINOLE FIRE, USSD","12A","PINELLAS COUNTY SCHOOL BOARD","5","2025 Final","3.045","0.003045"
"STFU","SEMINOLE FIRE, USSD","12B","SCHOOL LOCAL","6","2025 Final","3.248","0.003248"
"STFU","SEMINOLE FIRE, USSD","13","SUNCOAST TRANSIT AUTHORITY","14","2025 Final","0.73","0.00073"
"STFU","SEMINOLE FIRE, USSD","14","LIBRARY SERVICES","8","2025 Final","0.5","0.0005"
"STFU","SEMINOLE FIRE, USSD","16","EMERGENCY MEDICAL SERVICE","4","2025 Final","0.805","0.000805"
"STFU","SEMINOLE FIRE, USSD","17A","PINELLAS PLANNING COUNCIL","3","2025 Final","0.0175","1.75e-05"
"STFU","SEMINOLE FIRE, USSD","17B","JUVENILE WELFARE BOARD","13","2025 Final","0.8250000000000001","0.000825"
"STFU","SEMINOLE FIRE, USSD","17C","SW FLORIDA WATER MANAGEMENT","11","2025 Final","0.1831","0.0001831"
"STFU","SEMINOLE FIRE, USSD","18","MUNICIPAL SERVICE TAXING UNIT USSD","","2025 Final","0.25","0.00025"
"STFU","SEMINOLE FIRE, USSD","STF","SEMINOLE FIRE","9","2025 Final","1.8","0.0018"
"TF","TARPON SPRINGS FIRE","10A","GENERAL FUND","1","2025 Final","4.5423","0.0045423"
"TF","TARPON SPRINGS FIRE","10C","HEALTH DEPARTMENT","2","2025 Final","0.0713","7.13e-05"
"TF","TARPON SPRINGS FIRE","11","MUNICIPAL SERVICE TAXING UNIT","7","2025 Final","2.0857","0.0020857"
"TF","TARPON SPRINGS FIRE","12A","PINELLAS COUNTY SCHOOL BOARD","5","2025 Final","3.045","0.003045"
"TF","TARPON SPRINGS FIRE","12B","SCHOOL LOCAL","6","2025 Final","3.248","0.003248"
"TF","TARPON SPRINGS FIRE","13","SUNCOAST TRANSIT AUTHORITY","14","2025 Final","0.73","0.00073"
"TF","TARPON SPRINGS FIRE","14","LIBRARY SERVICES","8","2025 Final","0.5","0.0005"
"TF","TARPON SPRINGS FIRE","16","EMERGENCY MEDICAL SERVICE","4","2025 Final","0.805","0.000805"
"TF","TARPON SPRINGS FIRE","17A","PINELLAS PLANNING COUNCIL","3","2025 Final","0.0175","1.75e-05"
"TF","TARPON SPRINGS FIRE","17B","JUVENILE WELFARE BOARD","13","2025 Final","0.8250000000000001","0.000825"
"TF","TARPON SPRINGS FIRE","17C","SW FLORIDA WATER MANAGEMENT","11","2025 Final","0.1831","0.0001831"
"TF","TARPON SPRINGS FIRE","TF","TARPON SPRINGS FIRE","9","2025 Final","2.025","0.002025"
"TI","TREASURE ISLAND","10A","GENERAL FUND","1","2025 Final","4.5423","0.0045423"
"TI","TREASURE ISLAND","10C","HEALTH DEPARTMENT","2","2025 Final","0.0713","7.13e-05"
"TI","TREASURE ISLAND","12A","PINELLAS COUNTY SCHOOL BOARD","5","2025 Final","3.045","0.003045"
"TI","TREASURE ISLAND","12B","SCHOOL LOCAL","6","2025 Final","3.248","0.003248"
"TI","TREASURE ISLAND","16","EMERGENCY MEDICAL SERVICE","4","2025 Final","0.805","0.000805"
"TI","TREASURE ISLAND","17A","PINELLAS PLANNING COUNCIL","3","2025 Final","0.0175","1.75e-05"
"TI","TREASURE ISLAND","17B","JUVENILE WELFARE BOARD","13","2025 Final","0.8250000000000001","0.000825"
"TI","TREASURE ISLAND","17C","SW FLORIDA WATER MANAGEMENT","11","2025 Final","0.1831","0.0001831"
"TI","TREASURE ISLAND","TI","TREASURE ISLAND","7","2025 Final","3.8129000000000004","0.0038129"
"BL","BELLEAIR","10A","GENERAL FUND","1","2025 Final","4.5423","0.0045423"
"BL","BELLEAIR","10C","HEALTH DEPARTMENT","2","2025 Final","0.0713","7.13e-05"
"BL","BELLEAIR","12A","PINELLAS COUNTY SCHOOL BOARD","5","2025 Final","3.045","0.003045"
"BL","BELLEAIR","12B","SCHOOL LOCAL","6","2025 Final","3.248","0.003248"
"BL","BELLEAIR","13","SUNCOAST TRANSIT AUTHORITY","14","2025 Final","0.73","0.00073"
"BL","BELLEAIR","16","EMERGENCY MEDICAL SERVICE","4","2025 Final","0.805","0.000805"
"BL","BELLEAIR","17A","PINELLAS PLANNING COUNCIL","3","2025 Final","0.0175","1.75e-05"
"BL","BELLEAIR","17B","JUVENILE WELFARE BOARD","13","2025 Final","0.8250000000000001","0.000825"
"BL","BELLEAIR","17C","SW FLORIDA WATER MANAGEMENT","11","2025 Final","0.1831","0.0001831"
"BL","BELLEAIR","BL","BELLEAIR","7","2025 Final","6.9777000000000005","0.0069777"
"CTF","CLEARWATER FIRE","10A","GENERAL FUND","1","2025 Final","4.5423","0.0045423"
"CTF","CLEARWATER FIRE","10C","HEALTH DEPARTMENT","2","2025 Final","0.0713","7.13e-05"
"CTF","CLEARWATER FIRE","11","MUNICIPAL SERVICE TAXING UNIT","7","2025 Final","2.0857","0.0020857"
"CTF","CLEARWATER FIRE","12A","PINELLAS COUNTY SCHOOL BOARD","5","2025 Final","3.045","0.003045"
"CTF","CLEARWATER FIRE","12B","SCHOOL LOCAL","6","2025 Final","3.248","0.003248"
"CTF","CLEARWATER FIRE","13","SUNCOAST TRANSIT AUTHORITY","14","2025 Final","0.73","0.00073"
"CTF","CLEARWATER FIRE","14","LIBRARY SERVICES","8","2025 Final","0.5","0.0005"
"CTF","CLEARWATER FIRE","16","EMERGENCY MEDICAL SERVICE","4","2025 Final","0.805","0.000805"
"CTF","CLEARWATER FIRE","17A","PINELLAS PLANNING COUNCIL","3","2025 Final","0.0175","1.75e-05"
"CTF","CLEARWATER FIRE","17B","JUVENILE WELFARE BOARD","13","2025 Final","0.8250000000000001","0.000825"
"CTF","CLEARWATER FIRE","17C","SW FLORIDA WATER MANAGEMENT","11","2025 Final","0.1831","0.0001831"
"CTF","CLEARWATER FIRE","CTF","CLEARWATER FIRE","9","2025 Final","1.37","0.00137"
"CW","CLEARWATER","10A","GENERAL FUND","1","2025 Final","4.5423","0.0045423"
"CW","CLEARWATER","10C","HEALTH DEPARTMENT","2","2025 Final","0.0713","7.13e-05"
"CW","CLEARWATER","12A","PINELLAS COUNTY SCHOOL BOARD","5","2025 Final","3.045","0.003045"
"CW","CLEARWATER","12B","SCHOOL LOCAL","6","2025 Final","3.248","0.003248"
"CW","CLEARWATER","13","SUNCOAST TRANSIT AUTHORITY","14","2025 Final","0.73","0.00073"
"CW","CLEARWATER","16","EMERGENCY MEDICAL SERVICE","4","2025 Final","0.805","0.000805"
"CW","CLEARWATER","17A","PINELLAS PLANNING COUNCIL","3","2025 Final","0.0175","1.75e-05"
"CW","CLEARWATER","17B","JUVENILE WELFARE BOARD","13","2025 Final","0.8250000000000001","0.000825"
"CW","CLEARWATER","17C","SW FLORIDA WATER MANAGEMENT","11","2025 Final","0.1831","0.0001831"
"CW","CLEARWATER","CW","CLEARWATER","7","2025 Final","5.885000000000001","0.005885"
"CWDO","CLEARWATER DOWNTOWN HX","10A","GENERAL FUND","1","2025 Final","4.5423","0.0045423"
"CWDO","CLEARWATER DOWNTOWN HX","10C","HEALTH DEPARTMENT","2","2025 Final","0.0713","7.13e-05"
"CWDO","CLEARWATER DOWNTOWN HX","12A","PINELLAS COUNTY SCHOOL BOARD","5","2025 Final","3.045","0.003045"
"CWDO","CLEARWATER DOWNTOWN HX","12B","SCHOOL LOCAL","6","2025 Final","3.248","0.003248"
"CWDO","CLEARWATER DOWNTOWN HX","13","SUNCOAST TRANSIT AUTHORITY","14","2025 Final","0.73","0.00073"
"CWDO","CLEARWATER DOWNTOWN HX","16","EMERGENCY MEDICAL SERVICE","4","2025 Final","0.805","0.000805"
"CWDO","CLEARWATER DOWNTOWN HX","17A","PINELLAS PLANNING COUNCIL","3","2025 Final","0.0175","1.75e-05"
"CWDO","CLEARWATER DOWNTOWN HX","17B","JUVENILE WELFARE BOARD","13","2025 Final","0.8250000000000001","0.000825"
"CWDO","CLEARWATER DOWNTOWN HX","17C","SW FLORIDA WATER MANAGEMENT","11","2025 Final","0.1831","0.0001831"
"CWDO","CLEARWATER DOWNTOWN HX","CW","CLEARWATER","7","2025 Final","5.885000000000001","0.005885"
"DN","DUNEDIN","10A","GENERAL FUND","1","2025 Final","4.5423","0.0045423"
"DN","DUNEDIN","10C","HEALTH DEPARTMENT","2","2025 Final","0.0713","7.13e-05"
"DN","DUNEDIN","12A","PINELLAS COUNTY SCHOOL BOARD","5","2025 Final","3.045","0.003045"
"DN","DUNEDIN","12B","SCHOOL LOCAL","6","2025 Final","3.248","0.003248"
"DN","DUNEDIN","13","SUNCOAST TRANSIT AUTHORITY","14","2025 Final","0.73","0.00073"
"DN","DUNEDIN","16","EMERGENCY MEDICAL SERVICE","4","2025 Final","0.805","0.000805"
"DN","DUNEDIN","17A","PINELLAS PLANNING COUNCIL","3","2025 Final","0.0175","1.75e-05"
"DN","DUNEDIN","17B","JUVENILE WELFARE BOARD","13","2025 Final","0.8250000000000001","0.000825"
"DN","DUNEDIN","17C","SW FLORIDA WATER MANAGEMENT","11","2025 Final","0.1831","0.0001831"
"DN","DUNEDIN","DN","DUNEDIN","7","2025 Final","4.1345","0.0041345"
"ETF","EAST LAKE FIRE","10A","GENERAL FUND","1","2025 Final","4.5423","0.0045423"
"ETF","EAST LAKE FIRE","10C","HEALTH DEPARTMENT","2","2025 Final","0.0713","7.13e-05"
"ETF","EAST LAKE FIRE","11","MUNICIPAL SERVICE TAXING UNIT","7","2025 Final","2.0857","0.0020857"
"ETF","EAST LAKE FIRE","12A","PINELLAS COUNTY SCHOOL BOARD","5","2025 Final","3.045","0.003045"
"ETF","EAST LAKE FIRE","12B","SCHOOL LOCAL","6","2025 Final","3.248","0.003248"
"ETF","EAST LAKE FIRE","13","SUNCOAST TRANSIT AUTHORITY","14","2025 Final","0.73","0.00073"
"ETF","EAST LAKE FIRE","14B","LIBRARY SERVICES EAST LAKE FIRE","8","2025 Final","0.25","0.00025"
"ETF","EAST LAKE FIRE","16","EMERGENCY MEDICAL SERVICE","4","2025 Final","0.805","0.000805"
"ETF","EAST LAKE FIRE","17A","PINELLAS PLANNING COUNCIL","3","2025 Final","0.0175","1.75e-05"
"ETF","EAST LAKE FIRE","17B","JUVENILE WELFARE BOARD","13","2025 Final","0.8250000000000001","0.000825"
"ETF","EAST LAKE FIRE","17C","SW FLORIDA WATER MANAGEMENT","11","2025 Final","0.1831","0.0001831"
"ETF","EAST LAKE FIRE","ETF","EAST LAKE FIRE","15","2025 Final","1.999","0.001999"
"ETF","EAST LAKE FIRE","ETR","EAST LAKE REC","","2025 Final","0.25","0.00025"
"GP","GULFPORT","10A","GENERAL FUND","1","2025 Final","4.5423","0.0045423"
"GP","GULFPORT","10C","HEALTH DEPARTMENT","2","2025 Final","0.0713","7.13e-05"
"GP","GULFPORT","12A","PINELLAS COUNTY SCHOOL BOARD","5","2025 Final","3.045","0.003045"
"GP","GULFPORT","12B","SCHOOL LOCAL","6","2025 Final","3.248","0.003248"
"GP","GULFPORT","13","SUNCOAST TRANSIT AUTHORITY","14","2025 Final","0.73","0.00073"
"GP","GULFPORT","16","EMERGENCY MEDICAL SERVICE","4","2025 Final","0.805","0.000805"
"GP","GULFPORT","17A","PINELLAS PLANNING COUNCIL","3","2025 Final","0.0175","1.75e-05"
"GP","GULFPORT","17B","JUVENILE WELFARE BOARD","13","2025 Final","0.8250000000000001","0.000825"
"GP","GULFPORT","17C","SW FLORIDA WATER MANAGEMENT","11","2025 Final","0.1831","0.0001831"
"GP","GULFPORT","GP","GULFPORT","7","2025 Final","4.0258","0.0040258"
