"STRAP","PARCEL_NUMBER","SALE_DATE","BOOK_PAGE","SALE_ID","PRICE","QUALIFIED_FLG","VACANT_IMPROVED","MONTH_REAL","DAY_REAL","GRANTEE","GRANTOR","MULTI_SALES_YN"
"143001637360003010","01-30-14-63736-000-3010","2022-06-14 00:00:00","","3","800000","U","I","Y","Y","","","N"
"152903680940020070","03-29-15-68094-002-0070","2021-09-01 00:00:00","","6","900000","Q","I","Y","Y","","","N"
"152903881100050180","03-29-15-88110-005-0180","2025-05-27 00:00:00","","8","350000","U","I","Y","Y","","","N"
"163109963900010070","09-31-16-96390-001-0070","2022-05-12 00:00:00","","2","350000","Q","I","Y","Y","","","N"
"152812005070002200","12-28-15-00507-000-2200","2025-04-10 00:00:00","","2","700000","Q","I","Y","Y","","","N"
"152914504540000030","14-29-15-50454-000-0030","2021-11-29 00:00:00","","11","475000","Q","I","Y","Y","","","N"
"152914504540000030","14-29-15-50454-000-0030","2022-04-22 00:00:00","","12","515000","Q","I","Y","Y","","","N"
"152916851850000602","16-29-15-85185-000-0602","2021-11-01 00:00:00","","6","439000","Q","I","Y","Y","","","N"
"152916851850000602","16-29-15-85185-000-0602","2024-09-05 00:00:00","","8","600500","Q","I","Y","Y","","","N"
"152916851850000602","16-29-15-85185-000-0602","2025-12-30 00:00:00","","9","530000","Q","I","Y","Y","","","N"
"153019164430000033","19-30-15-16443-000-0033","2024-01-30 00:00:00","","7","325000","Q","I","Y","Y","","","N"
"163119184860010050","19-31-16-18486-001-0050","2025-01-28 00:00:00","","7","255000","Q","I","Y","Y","","","N"
"173119803290003070","19-31-17-80329-000-3070","2022-02-01 00:00:00","","8","340000","Q","I","Y","Y","","","N"
"173119945800001102","19-31-17-94580-000-1102","2021-05-17 00:00:00","","8","635000","Q","I","Y","Y","","","N"
"152921181440000006","21-29-15-18144-000-0006","2021-05-06 00:00:00","","2","772000","Q","I","Y","Y","","","N"
"153123435060050470","23-31-15-43506-005-0470","2022-11-22 00:00:00","","4","869000","Q","I","Y","Y","","","N"
"163127803850030060","27-31-16-80385-003-0060","2023-04-17 00:00:00","","12","418900","Q","I","Y","Y","","","N"
"153028801090021010","28-30-15-80109-002-1010","2022-07-25 00:00:00","","10","129000","Q","I","Y","Y","","","N"
"163029855160000390","29-30-16-85516-000-0390","2022-08-01 00:00:00","","4","420000","Q","I","Y","Y","","","N"
"163130036210001060","30-31-16-03621-000-1060","2022-12-15 00:00:00","","3","220000","Q","I","Y","Y","","","N"
"173130770220000251","30-31-17-77022-000-0251","2024-11-21 00:00:00","","4","490000","Q","I","Y","Y","","","N"
"162831641040870500","31-28-16-64104-087-0500","2021-04-24 00:00:00","","4","67500","U","I","Y","Y","","","N"
"163132054900050150","32-31-16-05490-005-0150","2021-04-01 00:00:00","","7","375000","Q","I","Y","Y","","","N"
"163132054900050150","32-31-16-05490-005-0150","2021-09-28 00:00:00","","8","425000","Q","I","Y","Y","","","N"
"163036606960050110","36-30-16-60696-005-0110","2021-02-01 00:00:00","","5","191800","Q","I","Y","Y","","","N"
