"STRAP","PARCEL_NUMBER","PERMIT_NUMBER","PERMIT_TYPE","PERMIT_DSCR","AGENCY_ID","AGENCY_NAME","ISSUE_DT","SIGN_OFF_DT","EST_VAL","PERMIT_YEAR"
"152701008640020310","01-27-15-00864-002-0310","PER-H-CB275728","50","NEW IMPROVEMENT","01","County","2003-05-23 00:00:00","","223876","2005"
"152701008640020310","01-27-15-00864-002-0310","PER-H-CB17-05357","94","SIDING/EXTERIOR WALL","01","County","2017-07-05 00:00:00","","7230","2017"
"152701008640020310","01-27-15-00864-002-0310","PER-H-CW19-14826","96","ROOF","01","County","2019-10-21 00:00:00","","21048","2020"
"152903680940020070","03-29-15-68094-002-0070","BCP1998-010436","96","ROOF","02","Clearwater","1998-03-03 00:00:00","","2485","1999"
"152903680940020070","03-29-15-68094-002-0070","BCP2001-11105","09","CARPORT","02","Clearwater","2002-02-13 00:00:00","","6000","2003"
"152903680940020070","03-29-15-68094-002-0070","BCP2003-03123","96","ROOF","02","Clearwater","2003-04-03 00:00:00","","7000","2004"
"152903680940020070","03-29-15-68094-002-0070","BCP2004-10436","97","SUBSIDENCE","02","Clearwater","2004-12-02 00:00:00","","0","2005"
"152903680940020070","03-29-15-68094-002-0070","BCP2010-06298","99","MISCELLANEOUS","02","Clearwater","2010-06-15 00:00:00","","4200","2010"
"152903680940020070","03-29-15-68094-002-0070","BCP2012-03361","96","ROOF","02","Clearwater","2012-03-19 00:00:00","","7932","2012"
"152903680940020070","03-29-15-68094-002-0070","BCP2019-020084","28","FENCE","02","Clearwater","2019-02-05 00:00:00","","2110","2019"
"152903680940020070","03-29-15-68094-002-0070","BCP2019-090423","95","HEAT/AIR","02","Clearwater","2019-09-13 00:00:00","","24207","2020"
"152903680940020070","03-29-15-68094-002-0070","BCP2019-090848","85","PLUMBING","02","Clearwater","2019-09-25 00:00:00","","10793","2020"
"152903680940020070","03-29-15-68094-002-0070","BCP2021-110248","85","PLUMBING","02","Clearwater","2021-11-08 00:00:00","","1500","2022"
"152903680940020070","03-29-15-68094-002-0070","BCP2022-100218","87","GENERATORS","02","Clearwater","2022-10-26 00:00:00","","13296","2023"
"152903680940020070","03-29-15-68094-002-0070","BCP2025-030455","28","FENCE","02","Clearwater","2025-03-13 00:00:00","","500","2025"
"152903881100050180","03-29-15-88110-005-0180","BCP2018-05283","96","ROOF","02","Clearwater","2018-05-14 00:00:00","","7740","2018"
"152903881100050180","03-29-15-88110-005-0180","BCP2024-100991","85","PLUMBING","02","Clearwater","2024-10-31 00:00:00","","2315","2025"
"162804118680000330","04-28-16-11868-000-0330","PER-H-CW14-07694","96","ROOF","01","County","2014-08-07 00:00:00","","5000","2014"
"162804118680000330","04-28-16-11868-000-0330","EBP-22-21945","38","WINDOWS/DOORS","01","County","2022-12-30 00:00:00","","7315","2023"
"163104161280211022","04-31-16-16128-021-1022","10920","95","HEAT/AIR","08","Kenneth City","2017-06-01 00:00:00","","3500","2017"
"152905546660050080","05-29-15-54666-005-0080","BCP1998-12006","96","ROOF","02","Clearwater","1999-02-10 00:00:00","","5200","2000"
"152905546660050080","05-29-15-54666-005-0080","BCP2003-01046","95","HEAT/AIR","02","Clearwater","2003-02-25 00:00:00","","1510","2003"
"152905546660050080","05-29-15-54666-005-0080","BCP2004-09253","95","HEAT/AIR","02","Clearwater","2004-10-12 00:00:00","","1476","2005"
"152905546660050080","05-29-15-54666-005-0080","BCP2006-06749","24","GAZEBO","02","Clearwater","2006-07-31 00:00:00","","1000","2007"
"152905546660050080","05-29-15-54666-005-0080","BCP2006-11475","51","ADDITION/REMODEL/RENOVATION","02","Clearwater","2007-08-01 00:00:00","","5000","0"
"152905546660050080","05-29-15-54666-005-0080","BCP2008-07213","51","ADDITION/REMODEL/RENOVATION","02","Clearwater","2008-08-15 00:00:00","","11200","0"
"152905546660050080","05-29-15-54666-005-0080","BCP2016-03171","51","ADDITION/REMODEL/RENOVATION","02","Clearwater","2016-03-07 00:00:00","","80000","2016"
"152905546660050080","05-29-15-54666-005-0080","BCP2016-08187","51","ADDITION/REMODEL/RENOVATION","02","Clearwater","2016-09-08 00:00:00","","63505","2017"
"173106005400110130","06-31-17-00540-011-0130","01-3000167","51","ADDITION/REMODEL/RENOVATION","03","St Petersburg","2001-04-25 00:00:00","","2150","2002"
"173106005400110130","06-31-17-00540-011-0130","02-06001191","95","HEAT/AIR","03","St Petersburg","2002-07-18 00:00:00","","3250","2003"
"173106005400110130","06-31-17-00540-011-0130","03-6000577","96","ROOF","03","St Petersburg","2003-07-22 00:00:00","","4300","2004"
"173106005400110130","06-31-17-00540-011-0130","14-05000688","95","HEAT/AIR","03","St Petersburg","2014-05-14 00:00:00","","3825","2014"
"173106005400110130","06-31-17-00540-011-0130","20-36000146","99","MISCELLANEOUS","03","St Petersburg","2020-02-12 00:00:00","","0","2020"
"173106005400110130","06-31-17-00540-011-0130","20-05001637","96","ROOF","03","St Petersburg","2020-05-27 00:00:00","","1600","2020"
"173106005400110130","06-31-17-00540-011-0130","20-08001492","96","ROOF","03","St Petersburg","2020-08-20 00:00:00","","5400","2020"
"173106005400110130","06-31-17-00540-011-0130","20-011000486","38","WINDOWS/DOORS","03","St Petersburg","2020-11-17 00:00:00","","2880","2021"
"173107027540190160","07-31-17-02754-019-0160","01-02000091","70","DEMOLITION","03","St Petersburg","2001-03-14 00:00:00","2001-06-13 00:00:00","0","2002"
"163109963900010070","09-31-16-96390-001-0070","97-63460","96","ROOF","03","St Petersburg","1997-09-29 00:00:00","","3160","1998"
"163109963900010070","09-31-16-96390-001-0070","15-01000047","38","WINDOWS/DOORS","03","St Petersburg","2015-01-05 00:00:00","","7406","2015"
"163109963900010070","09-31-16-96390-001-0070","15-05000603","96","ROOF","03","St Petersburg","2015-05-12 00:00:00","","7000","2015"
"163109963900010070","09-31-16-96390-001-0070","25-11001180","97","SUBSIDENCE","03","St Petersburg","2025-11-24 00:00:00","","14000","2025"
"163209056340030580","09-32-16-05634-003-0580","00-10000501","08","GARAGE","03","St Petersburg","2000-11-15 00:00:00","","25800","2002"
"163209056340030580","09-32-16-05634-003-0580","01-3000886","03","ENCLOSURE","03","St Petersburg","2001-04-25 00:00:00","","7500","2002"
"163209056340030580","09-32-16-05634-003-0580","12-10000418","96","ROOF","03","St Petersburg","2012-10-10 00:00:00","","32800","2013"
"163209056340030580","09-32-16-05634-003-0580","15-08000905","96","ROOF","03","St Petersburg","2015-08-19 00:00:00","","16090","2015"
"163209056340030580","09-32-16-05634-003-0580","15-09001040","95","HEAT/AIR","03","St Petersburg","2015-09-22 00:00:00","","7420","2016"
"163209056340030580","09-32-16-05634-003-0580","15-10001494","51","ADDITION/REMODEL/RENOVATION","03","St Petersburg","2015-12-08 00:00:00","","56000","2016"
"163209056340030580","09-32-16-05634-003-0580","P47786-18","06","DOCK","01","County","2018-01-26 00:00:00","","0","2019"
"163209056340030580","09-32-16-05634-003-0580","21-05002243","37","BBQ","03","St Petersburg","2021-08-12 00:00:00","","50000","2022"
"163209056340030580","09-32-16-05634-003-0580","25-05001917","96","ROOF","03","St Petersburg","2025-05-21 00:00:00","","99899","2025"
"163209056340030580","09-32-16-05634-003-0580","25-10000729","38","WINDOWS/DOORS","03","St Petersburg","2025-10-09 00:00:00","","52500","2026"
"163110115740060090","10-31-16-11574-006-0090","98-500510","95","HEAT/AIR","03","St Petersburg","1998-06-08 00:00:00","","0","1999"
"163110115740060090","10-31-16-11574-006-0090","03-4001265","96","ROOF","03","St Petersburg","2003-05-29 00:00:00","","1967","2004"
"163110115740060090","10-31-16-11574-006-0090","13-09001065","96","ROOF","03","St Petersburg","2013-09-25 00:00:00","","6250","2013"
"163110115740060090","10-31-16-11574-006-0090","14-08000347","95","HEAT/AIR","03","St Petersburg","2014-08-10 00:00:00","","3850","2014"
"163110115740060090","10-31-16-11574-006-0090","24-11003140","96","ROOF","03","St Petersburg","2024-11-21 00:00:00","","5300","2025"
"152812005070002200","12-28-15-00507-000-2200","PER-H-CB239020","96","ROOF","01","County","2001-07-18 00:00:00","","5950","2002"
"152812005070002200","12-28-15-00507-000-2200","PER-H-CB07-09558","95","HEAT/AIR","01","County","2007-08-27 00:00:00","","7200","0"
"152812005070002200","12-28-15-00507-000-2200","EBP-22-11973","96","ROOF","01","County","2022-06-28 00:00:00","","18810","2023"
"152812005070002200","12-28-15-00507-000-2200","EBP-22-13800","38","WINDOWS/DOORS","01","County","2022-07-27 00:00:00","","12750","2022"
"152812005070002200","12-28-15-00507-000-2200","EBP-26-05940","95","HEAT/AIR","01","County","2026-04-20 00:00:00","","12857","2025"
"152812353660001500","12-28-15-35366-000-1500","PER-H-CB06-10500","96","ROOF","01","County","2006-06-14 00:00:00","","6566","2007"
"152812353660001500","12-28-15-35366-000-1500","PER-H-CB09-09205","95","HEAT/AIR","01","County","2009-11-19 00:00:00","","7680","2010"
"152812353660001500","12-28-15-35366-000-1500","PER-H-CB16-02662","96","ROOF","01","County","2016-04-07 00:00:00","","4200","2016"
"152812353660001500","12-28-15-35366-000-1500","PER-H-CW18-02351","99","MISCELLANEOUS","01","County","2018-02-21 00:00:00","","2304","2018"
"152812353660001500","12-28-15-35366-000-1500","PER-H-CW20-09968","38","WINDOWS/DOORS","01","County","2020-06-29 00:00:00","","5742","2020"
"152812353660001500","12-28-15-35366-000-1500","PER-H-CW20-09968","38","WINDOWS/DOORS","01","County","2020-06-29 00:00:00","","5742","2020"
"152812353660001500","12-28-15-35366-000-1500","PER-H-CW20-09968","38","WINDOWS/DOORS","01","County","2020-11-19 00:00:00","","5742","2021"
"152812353660001500","12-28-15-35366-000-1500","PER-H-CW20-09968","38","WINDOWS/DOORS","01","County","2020-11-19 00:00:00","","5742","2021"
"153112173520030110","12-31-15-17352-003-0110","17-10000382","","","03","St Petersburg","2017-10-06 00:00:00","","2316","2017"
"153112173520030110","12-31-15-17352-003-0110","17-10001114","","","03","St Petersburg","2017-10-19 00:00:00","","14000","2017"
"153112173520030110","12-31-15-17352-003-0110","19-01000303","96","ROOF","03","St Petersburg","2019-01-07 00:00:00","","12760","2019"
"153112173520030110","12-31-15-17352-003-0110","21-07001265","96","ROOF","03","St Petersburg","2021-07-19 00:00:00","","5380","2021"
"153112173520030110","12-31-15-17352-003-0110","22-03000864","38","WINDOWS/DOORS","03","St Petersburg","2022-03-10 00:00:00","","10597","2022"
"153112173520030110","12-31-15-17352-003-0110","23-03000115","43","CONC PAVE/DRIVEWAY","03","St Petersburg","2023-03-20 00:00:00","","7374","2023"
"152914504540000030","14-29-15-50454-000-0030","BCP2010-05061","70","DEMOLITION","02","Clearwater","2010-05-04 00:00:00","","250","2010"
"152914504540000030","14-29-15-50454-000-0030","BCP2019-080260","50","NEW IMPROVEMENT","02","Clearwater","2019-10-25 00:00:00","","214926","2021"
"152914504540000030","14-29-15-50454-000-0030","BCP2019-080260A","50","NEW IMPROVEMENT","02","Clearwater","2020-05-01 00:00:00","","0","2021"
"152914504540000030","14-29-15-50454-000-0030","BCP2019-080260B","50","NEW IMPROVEMENT","02","Clearwater","2020-07-16 00:00:00","","0","2020"
"152914504540000030","14-29-15-50454-000-0030","BCP2022-050931","85","PLUMBING","02","Clearwater","2022-05-31 00:00:00","","1000","2022"
"152914504540000030","14-29-15-50454-000-0030","BCP2025-070848","87","GENERATORS","02","Clearwater","2025-08-25 00:00:00","","12600","2025"
"152914504540000030","14-29-15-50454-000-0030","BCP2025-120515","85","PLUMBING","02","Clearwater","2025-12-17 00:00:00","","1000","2025"
"152916851850000602","16-29-15-85185-000-0602","BCP2026-040044","95","HEAT/AIR","02","Clearwater","2026-04-02 00:00:00","","6500","2025"
"162919085140030100","19-29-16-08514-003-0100","PER-H-CB264601","96","ROOF","01","County","2002-11-13 00:00:00","","3760","2003"
"162919085140030100","19-29-16-08514-003-0100","PER-H-CB07-08262","95","HEAT/AIR","01","County","2007-06-14 00:00:00","","4387","0"
"162919085140030100","19-29-16-08514-003-0100","PER-H-CB07-12294","96","ROOF","01","County","2007-08-27 00:00:00","","7608","0"
"162919085140030100","19-29-16-08514-003-0100","PER-H-CW17-13532","99","MISCELLANEOUS","01","County","2017-11-07 00:00:00","","1050","2018"
"162919085140030100","19-29-16-08514-003-0100","PER-H-CW17-15408","51","ADDITION/REMODEL/RENOVATION","01","County","2017-12-27 00:00:00","","975","2018"
"162919085140030100","19-29-16-08514-003-0100","EBP-20-00523","85","PLUMBING","01","County","2020-10-21 00:00:00","","0","2021"
"162919085140030100","19-29-16-08514-003-0100","EBP-22-14524","96","ROOF","01","County","2022-08-08 00:00:00","","16500","2022"
"153019164430000033","19-30-15-16443-000-0033","PER-H-CW17-06699","95","HEAT/AIR","01","County","2017-06-05 00:00:00","","5000","2017"
"153019164430000033","19-30-15-16443-000-0033","EBP-22-09571","96","ROOF","01","County","2022-05-23 00:00:00","","9930","2022"
"153019164430000033","19-30-15-16443-000-0033","EBP-26-00669","38","WINDOWS/DOORS","01","County","2026-01-16 00:00:00","","32000","2025"
"163019038080000060","19-30-16-03808-000-0060","PER-H-CB183507","02","POOL","01","County","1998-08-21 00:00:00","","21505","0"
"163019038080000060","19-30-16-03808-000-0060","PER-H-CB183506","50","NEW IMPROVEMENT","01","County","1998-08-21 00:00:00","","256101","0"
"163019038080000060","19-30-16-03808-000-0060","PER-H-CB199160","03","ENCLOSURE","01","County","1999-07-23 00:00:00","","2396","2000"
"163019038080000060","19-30-16-03808-000-0060","PER-H-CB06-09252","95","HEAT/AIR","01","County","2006-05-23 00:00:00","","7596","2007"
"163019038080000060","19-30-16-03808-000-0060","PER-H-CB06-11495","95","HEAT/AIR","01","County","2006-06-27 00:00:00","","8620","2007"
"163019038080000060","19-30-16-03808-000-0060","PER-H-CW16-03516","95","HEAT/AIR","01","County","2016-04-06 00:00:00","","9170","2016"
"163019038080000060","19-30-16-03808-000-0060","PER-H-CW18-04326","95","HEAT/AIR","01","County","2018-04-03 00:00:00","","11513","2018"
"163119184860010050","19-31-16-18486-001-0050","02-05000385","99","MISCELLANEOUS","03","St Petersburg","2002-06-14 00:00:00","","874","2003"
"163119184860010050","19-31-16-18486-001-0050","09-4000618","96","ROOF","03","St Petersburg","2009-04-21 00:00:00","","4200","2009"
"163119184860010050","19-31-16-18486-001-0050","25-03001608","95","HEAT/AIR","03","St Petersburg","2025-04-28 00:00:00","","8500","2025"
"163119184860010050","19-31-16-18486-001-0050","26-06000150","38","WINDOWS/DOORS","03","St Petersburg","2026-06-02 00:00:00","","1000","2025"
"163119184860010050","19-31-16-18486-001-0050","26-07002132","38","WINDOWS/DOORS","03","St Petersburg","2026-07-28 00:00:00","","3700","2026"
"173119945800001102","19-31-17-94580-000-1102","24-03002234","85","PLUMBING","03","St Petersburg","2024-03-29 00:00:00","","1400","2024"
"152921181440000006","21-29-15-18144-000-0006","05-1-5248","95","HEAT/AIR","12","Belleair","2005-02-21 00:00:00","","3925","2007"
"152921181440000006","21-29-15-18144-000-0006","05-4-5467","51","ADDITION/REMODEL/RENOVATION","12","Belleair","2005-05-09 00:00:00","","44900","2007"
"152921181440000006","21-29-15-18144-000-0006","8825","96","ROOF","12","Belleair","2010-02-03 00:00:00","","13390","2010"
"152921181440000006","21-29-15-18144-000-0006","2786","38","WINDOWS/DOORS","12","Belleair","2016-01-01 00:00:00","","2700","2016"
"152921181440000006","21-29-15-18144-000-0006","5136","29","SHUTTERS","12","Belleair","2018-10-30 00:00:00","","2474","2019"
"152921181440000006","21-29-15-18144-000-0006","7264","38","WINDOWS/DOORS","12","Belleair","2021-05-01 00:00:00","","3503","2021"
"152921181440000006","21-29-15-18144-000-0006","BLDG-22-156","85","PLUMBING","12","Belleair","2022-03-16 00:00:00","","895","2022"
"152921181440000006","21-29-15-18144-000-0006","2600256","96","ROOF","12","Belleair","2026-04-28 00:00:00","","32499","2025"
"152723764470000320","23-27-15-76447-000-0320","PER-H-CB322090","95","HEAT/AIR","01","County","2005-06-29 00:00:00","","3347","2006"
"152723764470000320","23-27-15-76447-000-0320","PER-H-CW15-12597","96","ROOF","01","County","2015-12-09 00:00:00","","6500","2016"
"152723764470000320","23-27-15-76447-000-0320","PER-H-CW18-02870","95","HEAT/AIR","01","County","2018-03-02 00:00:00","","5979","2018"
"152723764470000320","23-27-15-76447-000-0320","EBP-22-11239","95","HEAT/AIR","01","County","2022-06-16 00:00:00","","7400","2022"
"152723764470000320","23-27-15-76447-000-0320","EBP-22-21622","38","WINDOWS/DOORS","01","County","2022-12-22 00:00:00","","42636","2023"
"152723764470000320","23-27-15-76447-000-0320","BR-ELE-24-00540","87","GENERATORS","01","County","2024-09-24 00:00:00","","19000","2025"
"153123132010077080","23-31-15-13201-007-7080","201300598","99","MISCELLANEOUS","10","Treasure Island","2013-05-29 00:00:00","","8550","2013"
"153123132010077080","23-31-15-13201-007-7080","201801594","99","MISCELLANEOUS","10","Treasure Island","2018-08-22 00:00:00","","2077","2019"
"153123132010077080","23-31-15-13201-007-7080","PLMC-004219-2022","85","PLUMBING","10","Treasure Island","2022-08-01 00:00:00","","1126","2023"
"153123132010077080","23-31-15-13201-007-7080","MECR-006004-2023","95","HEAT/AIR","10","Treasure Island","2023-07-17 00:00:00","","6900","2024"
"153123132010077080","23-31-15-13201-007-7080","MECC-006243-2023","95","HEAT/AIR","10","Treasure Island","2023-08-29 00:00:00","","6900","2024"
"153123435060050470","23-31-15-43506-005-0470","200400309","96","ROOF","10","Treasure Island","2004-04-16 00:00:00","","5400","2005"
"153123435060050470","23-31-15-43506-005-0470","200801039","29","SHUTTERS","10","Treasure Island","2008-08-11 00:00:00","","6324","2009"
"153123435060050470","23-31-15-43506-005-0470","201105234","95","HEAT/AIR","10","Treasure Island","2011-09-29 00:00:00","","5250","2012"
"153123435060050470","23-31-15-43506-005-0470","BLDR-006109-2023","38","WINDOWS/DOORS","10","Treasure Island","2023-08-16 00:00:00","","24911","2024"
"153123435060050470","23-31-15-43506-005-0470","ELER-006670-2023","86","ELECTRICAL","10","Treasure Island","2023-11-22 00:00:00","","4200","2024"
"153123435060050470","23-31-15-43506-005-0470","PLMR-006688-2023","85","PLUMBING","10","Treasure Island","2023-11-28 00:00:00","","2325","2024"
"153123435060050470","23-31-15-43506-005-0470","BLDR-007137-2024","43","CONC PAVE/DRIVEWAY","10","Treasure Island","2024-04-01 00:00:00","","14796","2024"
"153123435060050470","23-31-15-43506-005-0470","WND-24-00138","06","DOCK","01","County","2024-04-10 00:00:00","","0","2024"
"153123435060050470","23-31-15-43506-005-0470","MARC-006958-2024","06","DOCK","10","Treasure Island","2024-04-11 00:00:00","","13000","2024"
"153123435060050470","23-31-15-43506-005-0470","BLDR-012452-2025","51","ADDITION/REMODEL/RENOVATION","10","Treasure Island","2025-12-18 00:00:00","","61300","2026"
"153123435060050470","23-31-15-43506-005-0470","BLDR-013653-2026","96","ROOF","10","Treasure Island","2026-07-02 00:00:00","","16380","2026"
"163123783900120160","23-31-16-78390-012-0160","05-10000751","70","DEMOLITION","03","St Petersburg","2005-11-22 00:00:00","","5000","2006"
"163123783900120160","23-31-16-78390-012-0160","06-8001507","50","NEW IMPROVEMENT","03","St Petersburg","2006-10-24 00:00:00","","200000","2007"
"163123783900120160","23-31-16-78390-012-0160","15-09000452","96","ROOF","03","St Petersburg","2015-09-10 00:00:00","","4270","2016"
"163123783900120160","23-31-16-78390-012-0160","16-09000238","99","MISCELLANEOUS","03","St Petersburg","2016-09-07 00:00:00","","1400","2017"
"163123783900120160","23-31-16-78390-012-0160","21-04000414","92","SOLAR PANELS","03","St Petersburg","2021-04-14 00:00:00","","69765","2022"
"163123783900120160","23-31-16-78390-012-0160","25-06001991","96","ROOF","03","St Petersburg","2025-06-19 00:00:00","","22150","2025"
"163123783900120160","23-31-16-78390-012-0160","25-07000450","92","SOLAR PANELS","03","St Petersburg","2025-09-08 00:00:00","","2500","2026"
"152726393570000400","26-27-15-39357-000-0400","PER-H-CB06-19153","50","NEW IMPROVEMENT","01","County","2006-12-28 00:00:00","","528330","0"
"152726393570000400","26-27-15-39357-000-0400","PER-H-CB07-04101","02","POOL","01","County","2007-05-21 00:00:00","","47332","0"
"152726393570000400","26-27-15-39357-000-0400","PER-H-CW19-11982","95","HEAT/AIR","01","County","2019-08-26 00:00:00","","14380","2019"
"152726393570000400","26-27-15-39357-000-0400","EBP-21-08160","95","HEAT/AIR","01","County","2021-05-13 00:00:00","","5829","2021"
"152726393570000400","26-27-15-39357-000-0400","CBP-22-03895","86","ELECTRICAL","01","County","2022-07-26 00:00:00","","7320","2022"
"152726393570000400","26-27-15-39357-000-0400","BR-ELE-25-01046","87","GENERATORS","01","County","2025-08-14 00:00:00","","15000","2025"
"152827117720020080","27-28-15-11772-002-0080","03-00003919","95","HEAT/AIR","13","Dunedin","2003-10-13 00:00:00","","1550","2004"
"152827117720020080","27-28-15-11772-002-0080","04-00003122","95","HEAT/AIR","13","Dunedin","2004-08-18 00:00:00","","1050","2005"
"152827117720020080","27-28-15-11772-002-0080","10-00002015","50","NEW IMPROVEMENT","13","Dunedin","2010-08-02 00:00:00","","83500","2010"
"152827117720020080","27-28-15-11772-002-0080","13-00002316","96","ROOF","13","Dunedin","2013-08-26 00:00:00","","5900","2014"
"152827117720020080","27-28-15-11772-002-0080","14-00000286","99","MISCELLANEOUS","13","Dunedin","2014-02-11 00:00:00","","3100","2014"
"152827117720020080","27-28-15-11772-002-0080","14-00000361","10","PORCH","13","Dunedin","2014-02-20 00:00:00","","1200","2014"
"163127803850030060","27-31-16-80385-003-0060","97-1100104","51","ADDITION/REMODEL/RENOVATION","03","St Petersburg","1997-12-02 00:00:00","","5000","1998"
"163127803850030060","27-31-16-80385-003-0060","15-01001253","70","DEMOLITION","03","St Petersburg","2015-02-11 00:00:00","","6450","2015"
"163127803850030060","27-31-16-80385-003-0060","19-12001317","50","NEW IMPROVEMENT","03","St Petersburg","2019-12-20 00:00:00","","218830","2021"
"163127803850030060","27-31-16-80385-003-0060","23-08001618","92","SOLAR PANELS","03","St Petersburg","2023-09-08 00:00:00","","28620","2023"
"163127803850030060","27-31-16-80385-003-0060","24-12002606","38","WINDOWS/DOORS","03","St Petersburg","2024-12-19 00:00:00","","1224","2025"
"162828895770000470","28-28-16-89577-000-0470","06-00001145","96","ROOF","15","Safety Harbor","2006-09-25 00:00:00","","6954","2007"
"162828895770000470","28-28-16-89577-000-0470","18-00001355","38","WINDOWS/DOORS","15","Safety Harbor","2018-06-28 00:00:00","","6000","2018"
"162828895770000470","28-28-16-89577-000-0470","P22-0105","28","FENCE","15","Safety Harbor","2022-03-18 00:00:00","","4270","2022"
"153028801090021010","28-30-15-80109-002-1010","200300395","51","ADDITION/REMODEL/RENOVATION","09","Seminole","2003-05-09 00:00:00","","3500","2004"
"153028801090021010","28-30-15-80109-002-1010","MECC-009311-2020","95","HEAT/AIR","09","Seminole","2020-11-04 00:00:00","","4800","2021"
"153028801090021010","28-30-15-80109-002-1010","BLDR-014657-2023","38","WINDOWS/DOORS","09","Seminole","2023-10-23 00:00:00","","5500","2024"
"163029855160000390","29-30-16-85516-000-0390","2017001038","50","NEW IMPROVEMENT","06","Pinellas Park","2017-02-13 00:00:00","","105000","2017"
"163029855160000390","29-30-16-85516-000-0390","2017001038","50","NEW IMPROVEMENT","06","Pinellas Park","2017-02-13 00:00:00","","105000","2017"
"163029855160000390","29-30-16-85516-000-0390","2017001038","50","NEW IMPROVEMENT","06","Pinellas Park","2017-02-13 00:00:00","","105000","2017"
"163029855160000390","29-30-16-85516-000-0390","2017001038","50","NEW IMPROVEMENT","06","Pinellas Park","2017-02-13 00:00:00","","105000","2017"
"163029855160000390","29-30-16-85516-000-0390","2017001038","99","MISCELLANEOUS","06","Pinellas Park","2017-02-21 00:00:00","","6000","2017"
"163029855160000390","29-30-16-85516-000-0390","2017001038","99","MISCELLANEOUS","06","Pinellas Park","2017-02-21 00:00:00","","6000","2017"
"163029855160000390","29-30-16-85516-000-0390","2017001038","99","MISCELLANEOUS","06","Pinellas Park","2017-02-21 00:00:00","","6000","2017"
"163029855160000390","29-30-16-85516-000-0390","2017001038","99","MISCELLANEOUS","06","Pinellas Park","2017-02-21 00:00:00","","6000","2017"
"163029855160000390","29-30-16-85516-000-0390","2017001038","99","MISCELLANEOUS","06","Pinellas Park","2017-02-23 00:00:00","","6000","2017"
"163029855160000390","29-30-16-85516-000-0390","2017001038","99","MISCELLANEOUS","06","Pinellas Park","2017-02-23 00:00:00","","6000","2017"
"163029855160000390","29-30-16-85516-000-0390","2017001038","99","MISCELLANEOUS","06","Pinellas Park","2017-02-23 00:00:00","","6000","2017"
"163029855160000390","29-30-16-85516-000-0390","2017001038","99","MISCELLANEOUS","06","Pinellas Park","2017-02-23 00:00:00","","6000","2017"
"163029855160000390","29-30-16-85516-000-0390","2017001038","95","HEAT/AIR","06","Pinellas Park","2017-03-23 00:00:00","","7500","2017"
"163029855160000390","29-30-16-85516-000-0390","2017001038","95","HEAT/AIR","06","Pinellas Park","2017-03-23 00:00:00","","7500","2017"
"163029855160000390","29-30-16-85516-000-0390","2017001038","95","HEAT/AIR","06","Pinellas Park","2017-03-23 00:00:00","","7500","2017"
"163029855160000390","29-30-16-85516-000-0390","2017001038","95","HEAT/AIR","06","Pinellas Park","2017-03-23 00:00:00","","7500","2017"
"163029855160000390","29-30-16-85516-000-0390","BLDR-1124-00197","51","ADDITION/REMODEL/RENOVATION","06","Pinellas Park","2023-11-09 00:00:00","","12247","2024"
"162730310000000000","30-27-16-31000-000-0000","BC-ELE-25-00092","86","ELECTRICAL","01","County","2025-04-16 00:00:00","","6000","2025"
"163130036210001060","30-31-16-03621-000-1060","33089","99","MISCELLANEOUS","11","South Pasadena","2022-11-29 00:00:00","","0","2023"
"163130036210001060","30-31-16-03621-000-1060","33188","51","ADDITION/REMODEL/RENOVATION","11","South Pasadena","2023-01-30 00:00:00","","16100","2024"
"173130032940300071","30-31-17-03294-030-0071","00-10000414","95","HEAT/AIR","03","St Petersburg","2000-11-15 00:00:00","","3854","2001"
"173130032940300071","30-31-17-03294-030-0071","03-4000024","96","ROOF","03","St Petersburg","2003-05-02 00:00:00","","1000","2005"
"173130032940300071","30-31-17-03294-030-0071","10-03000791","96","ROOF","03","St Petersburg","2010-03-19 00:00:00","","8000","2010"
"173130770220000251","30-31-17-77022-000-0251","03-5000062","96","ROOF","03","St Petersburg","2003-06-09 00:00:00","","4200","2004"
"173130770220000251","30-31-17-77022-000-0251","25-02002496","96","ROOF","03","St Petersburg","2025-05-15 00:00:00","","14700","2025"
"173130770220000251","30-31-17-77022-000-0251","25-06001015","96","ROOF","03","St Petersburg","2025-12-04 00:00:00","","32300","2025"
"162831641040870500","31-28-16-64104-087-0500","PER-H-CB20-05286","38","WINDOWS/DOORS","01","County","2020-07-30 00:00:00","","6300","2020"
"152832546840000010","32-28-15-54684-000-0010","BCP1997-010373","51","ADDITION/REMODEL/RENOVATION","02","Clearwater","1997-02-12 00:00:00","","79800","1998"
"152832546840000010","32-28-15-54684-000-0010","BCP1997-060111","29","SHUTTERS","02","Clearwater","1997-08-01 00:00:00","","12300","1998"
"152832546840000010","32-28-15-54684-000-0010","P3276603","06","DOCK","02","Clearwater","2003-04-16 00:00:00","","0","2004"
"152832546840000010","32-28-15-54684-000-0010","P3756206","06","DOCK","02","Clearwater","2006-08-07 00:00:00","","0","2007"
"152832546840000010","32-28-15-54684-000-0010","BCP2006-08538","51","ADDITION/REMODEL/RENOVATION","02","Clearwater","2007-01-24 00:00:00","","25000","0"
"152832546840000010","32-28-15-54684-000-0010","BCP2007-06475","29","SHUTTERS","02","Clearwater","2007-08-01 00:00:00","","3305","0"
"152832546840000010","32-28-15-54684-000-0010","BCP2007-06313","51","ADDITION/REMODEL/RENOVATION","02","Clearwater","2007-08-01 00:00:00","","20000","0"
"152832546840000010","32-28-15-54684-000-0010","BCP2009-08470","99","MISCELLANEOUS","02","Clearwater","2009-08-28 00:00:00","","7344","2009"
"152832546840000010","32-28-15-54684-000-0010","BCP2010-02194","95","HEAT/AIR","02","Clearwater","2010-02-11 00:00:00","","12800","2010"
"152832546840000010","32-28-15-54684-000-0010","BCP2020-020419","96","ROOF","02","Clearwater","2020-03-09 00:00:00","","3520","2020"
"152832546840000010","32-28-15-54684-000-0010","BCP2022-070784","95","HEAT/AIR","02","Clearwater","2022-07-26 00:00:00","","5650","2022"
"152832546840000010","32-28-15-54684-000-0010","BCP2025-010278","98","DAMAGE FIRE/FLOOD/VEHICLE","02","Clearwater","2025-01-24 00:00:00","","303383","2026"
"163132054900050150","32-31-16-05490-005-0150","25575","01","PATIO/DECK","14","Gulfport","2002-02-18 00:00:00","","700","2002"
"163132054900050150","32-31-16-05490-005-0150","201501470","96","ROOF","14","Gulfport","2015-09-29 00:00:00","","7098","2016"
"163132054900050150","32-31-16-05490-005-0150","BLDR202100900","51","ADDITION/REMODEL/RENOVATION","14","Gulfport","2021-07-22 00:00:00","","46414","2021"
"163132054900050150","32-31-16-05490-005-0150","ELER202101559","86","ELECTRICAL","14","Gulfport","2021-08-04 00:00:00","","1900","2022"
"163132054900050150","32-31-16-05490-005-0150","BLDR202400381","51","ADDITION/REMODEL/RENOVATION","14","Gulfport","2025-03-07 00:00:00","","95401","2026"
"163132054900050150","32-31-16-05490-005-0150","ELER202500082","86","ELECTRICAL","14","Gulfport","2025-03-14 00:00:00","","7100","2025"
"163132054900050150","32-31-16-05490-005-0150","PLMR202500033","85","PLUMBING","14","Gulfport","2025-07-17 00:00:00","","3800","2025"
"163132054900050150","32-31-16-05490-005-0150","HVAC202500051","95","HEAT/AIR","14","Gulfport","2025-07-23 00:00:00","","6000","2025"
"162833417430000110","33-28-16-41743-000-0110","97-00005375","03","ENCLOSURE","15","Safety Harbor","1998-02-09 00:00:00","","2440","1999"
"162833417430000110","33-28-16-41743-000-0110","14-00000411","96","ROOF","15","Safety Harbor","2014-04-08 00:00:00","","34240","2014"
"162833803900080070","33-28-16-80390-008-0070","BCP1997-040561","96","ROOF","02","Clearwater","1997-05-09 00:00:00","","4850","1998"
"162833803900080070","33-28-16-80390-008-0070","BCP2016-07605","95","HEAT/AIR","02","Clearwater","2016-07-27 00:00:00","","6805","2016"
"162833803900080070","33-28-16-80390-008-0070","BCP2016-09034","96","ROOF","02","Clearwater","2016-09-02 00:00:00","","10127","2017"
"162833803900080070","33-28-16-80390-008-0070","BCP2017-05868","","","02","Clearwater","2017-05-30 00:00:00","","5028","2017"
"162833803900080070","33-28-16-80390-008-0070","BCP2020-060601","38","WINDOWS/DOORS","02","Clearwater","2020-06-17 00:00:00","","1768","2020"
"153034093780100020","34-30-15-09378-010-0020","200500244","23","ASPHALT","09","Seminole","2005-03-08 00:00:00","","9804","2006"
"153034093780100020","34-30-15-09378-010-0020","201500803","96","ROOF","09","Seminole","2015-07-02 00:00:00","","4500","2016"
"153034093780100020","34-30-15-09378-010-0020","BLDC-006031-2019","51","ADDITION/REMODEL/RENOVATION","09","Seminole","2019-04-29 00:00:00","","85000","2019"
"153034093780100020","34-30-15-09378-010-0020","MECC-006596-2019","99","MISCELLANEOUS","09","Seminole","2019-06-27 00:00:00","","2480","2019"
"153034093780100020","34-30-15-09378-010-0020","FIRE-006881-2019","100","TPP USE","09","Seminole","2019-08-15 00:00:00","","2300","2019"
"153034093780100020","34-30-15-09378-010-0020","SIGN-009394-2020","100","TPP USE","09","Seminole","2020-12-09 00:00:00","","9170","2021"
"153034093780100020","34-30-15-09378-010-0020","BLDC-012842-2022","51","ADDITION/REMODEL/RENOVATION","09","Seminole","2022-10-19 00:00:00","","40000","2023"
"153034093780100020","34-30-15-09378-010-0020","RBP24-000066","96","ROOF","09","Seminole","2024-08-19 00:00:00","","5095","2025"
"163036606960050110","36-30-16-60696-005-0110","24-05001839","95","HEAT/AIR","03","St Petersburg","2024-05-22 00:00:00","","14610","2024"
"163036606960050110","36-30-16-60696-005-0110","24-11003529","85","PLUMBING","03","St Petersburg","2024-11-25 00:00:00","","4750","2025"
"163036785880030060","36-30-16-78588-003-0060","16-04000489","96","ROOF","03","St Petersburg","2016-04-11 00:00:00","","6200","2016"
"163036785880030060","36-30-16-78588-003-0060","19-07001325","51","ADDITION/REMODEL/RENOVATION","03","St Petersburg","2019-07-18 00:00:00","","11115","2020"
"153136682830000660","36-31-15-68283-000-0660","01116-2020","96","ROOF","10","Treasure Island","2021-01-14 00:00:00","","14500","2021"
"153136682830000660","36-31-15-68283-000-0660","LANDC-012698-2025","99","MISCELLANEOUS","10","Treasure Island","2026-01-06 00:00:00","","800","2025"
"153136682830000660","36-31-15-68283-000-0660","BLDC-012696-2025","51","ADDITION/REMODEL/RENOVATION","10","Treasure Island","2026-01-29 00:00:00","","395","2026"
"153136682830000660","36-31-15-68283-000-0660","BLDC-012695-2025","51","ADDITION/REMODEL/RENOVATION","10","Treasure Island","2026-01-29 00:00:00","","1380","2026"
"153136682830000660","36-31-15-68283-000-0660","BLDC-012697-2025","51","ADDITION/REMODEL/RENOVATION","10","Treasure Island","2026-01-29 00:00:00","","120","2026"
"153136682830000660","36-31-15-68283-000-0660","ELER-012443-2025","86","ELECTRICAL","10","Treasure Island","2026-01-29 00:00:00","","8800","2025"
"153136682830000660","36-31-15-68283-000-0660","BLDR-013390-2026","28","FENCE","10","Treasure Island","2026-05-14 00:00:00","","600","2025"
