"STRAP","PARCEL_NUMBER","PARCEL_TYPE","PROPERTY_USE","SUBDIVISION_ID","SUBDIVISION","SITE_ADDRESS","SITE_CITYZIP","OWNER1","OWNER2","MAILING_ADDRESS_1","MAILING_ADDRESS_2","MAILING_ADDRESS_3","MAILING_ADDRESS_4","MAILING_CITY","MAILING_STATE","MAILING_ZIP","LEGAL","TOTAL_LIVING_SQFT","TOTAL_LIVING_UNITS","TOTAL_GROSS_SQFT","TOTAL_EFF_SQFT","YEAR_BUILT","YEAR_BUILT","OR_BOOK_PAGE","SALES_COMP","CENSUS","EVAC_ZONE","ELEVATION_CERT","PLAT_BOOK_PAGE","ROLL_YEAR","CNTY_JST_VALUE","CNTY_ASD_VALUE","CNTY_TAXABLE_VALUE","SCHL_TAXABLE_VALUE","MUNI_TAXABLE_VALUE","MILLAGE_RATE","TAX_DISTRICT","TAX_DIST_DSCR","SPECIAL_ASSESSMENT","TAX_AMOUNT_NO_EX","SEAWALL","FRONTAGE","VIEWS","ACREAGE","YR_ANNEXED","NBORHOOD_CD","STATUS","LAND_USE_CD","CONTAMINATION_YN","SUBSIDENCE_YN","DLHL_YN","VISIBLE_YN","TIF_CD","TIF_DSCR","FUTURE_L1_USE","FUTURE_L2_USE","FUTURE_L3_USE","FUTURE_L4_USE","HX_CAP","NON_HX_CAP","HX_SAVINGS","JUST_BUILDING","JUST_EXTRA_FEATURES","JUST_LAND","USE_CD","RANGE_TOWNSHIP","CURRENT_TAX_DISTRICT","CURRENT_TAX_DIST_DSCR","WATERFRONT_YN","LATITUDE","STR_ZIP","STR_UNIT","STR_SFX_DIR","STR_SFX","STR_PFX","STR_NUM_SFX","STR_NUM","STR_NAME","LONGITUDE","STR_CITY"
"162730310000000000","30-27-16-31000-000-0000","Both","9999 To Be Determined","31000","GLENEAGLES I CONDO","",", FL","SAMPLE OWNER 01","","","","","","","","","","","","","","","","","","121030272122","","N/A","55/57","2026","0","0","0","0","0","18.0529","PHMT","PALM HARBOR COM SVC","0","0","","","","0","","","New Parcel in Progress","99","N","N","N","N","","","","","","","No","No","","0","0","0","9999","16/27","PHMT","PALM HARBOR COM SVC","N","28.114426778","","","","","","","","","-82.746131682",""
"152903680940020070","03-29-15-68094-002-0070","Residential","0110 Single Family Home","68094","PEALE PARK","1029 CHARLES ST","CLEARWATER, FL 33755","SAMPLE OWNER 02","","","","","","","","","","2943","1","4499","3157","1925","1925","","1217700","121030261021","A","N/A","12/17","2026","1032109","863358","806947","833358","806947","19.3522","CW","CLEARWATER","0","19392","No","","None","0.3827","","2303.0","","01","N","Y","N","N","","","RLM - RESIDENTIAL LOW MEDIUM","","","","Yes","No","","591666","29183","411260","0110","15/29","CW","CLEARWATER","N","27.993388268","33755","","","ST","","","1029","CHARLES","-82.793644822","CLEARWATER"
"152903881100050180","03-29-15-88110-005-0180","Residential","0110 Single Family Home","88110","SUNSET POINT 1ST ADD","1843 SPRINGTIME AVE","CLEARWATER, FL 33755","SAMPLE OWNER 03","","","","","","","","","","912","1","1209","981","1976","1976","","124600","121030261021","A","N/A","5/95","2026","105744","105744","0","0","0","19.3522","CW","CLEARWATER","0","1982","No","Park/Cons/Pres","None","0.2288","","2104.0","","01","N","Y","N","Y","CWIN","Clearwater TIF North Greenwood","P - PRESERVATION","","","","No","Yes","","29600","495","75649","0110","15/29","CW","CLEARWATER","N","27.988208853","33755","","","AVE","","","1843","SPRINGTIME","-82.78809113","CLEARWATER"
"173107027540190160","07-31-17-02754-019-0160","Commercial","1090 Vacant Commercial Land w/XFSB","02754","BARNARD, ERASTUS A.'S REV SUB","17TH AVE N","ST PETERSBURG, FL 33704","SAMPLE OWNER 04","","","","","","","","","","","","","","","","","","121030237003","NON EVAC","N/A","H6/10","2026","273998","273998","273998","273998","273998","19.919700000000002","SP","ST PETERSBURG","0","5458","No","","None","0.1562","","6700.0","","10","Y","N","N","Y","","","RLM - RESIDENTIAL LOW MEDIUM","","","","No","Yes","","0","7438","266560","1090","17/31","SP","ST PETERSBURG","N","27.788760677","33704","","N","AVE","","","0","17TH","-82.637891963","ST PETERSBURG"
"173119803290003070","19-31-17-80329-000-3070","Condo","0436 Condo Conversion  - Apartments to Platted Condo (Predominately Owner-Occupied)","80329","701 MIRROR LAKE CONDO","701 MIRROR LAKE DR N # 307","ST PETERSBURG, FL 33701","SAMPLE OWNER 05","","","","","","","","","","795","1","795","795","1915","1915","","329685","121030215022","NON EVAC","N/A","112/55","2026","280232","280232","280232","280232","280232","19.919700000000002","SP","ST PETERSBURG","0","5582","No","","None","0","","7914.12","","04","N","N","Y","Y","","","AC - ACTIVITY CENTER","","","","No","Yes","","0","0","0","0436","17/31","SP","ST PETERSBURG","Y","27.775765205","33701","# 307","N","DR","","","701","MIRROR LAKE","-82.642939922","ST PETERSBURG"
"173130770220000251","30-31-17-77022-000-0251","Residential","0110 Single Family Home","77022","ROSER PARK 3RD ADD","832 8TH AVE S","ST PETERSBURG, FL 33701","SAMPLE OWNER 06","","","","","","","","","","1816","1","1992","1767","1920","1920","","493600","121030286012","NON EVAC","N/A","4/43","2026","422789","422789","422789","422789","422789","19.919700000000002","SP","ST PETERSBURG","0","8245","No","","None","0.1229","","1305.0","","01","N","N","Y","Y","SPIE","South St Petersburg TIF E","RM - RESIDENTIAL MEDIUM","","","","No","Yes","","204072","1769","216949","0110","17/31","SP","ST PETERSBURG","N","27.762007331","33701","","S","AVE","","","832","8TH","-82.645361547","ST PETERSBURG"
"152905546660050080","05-29-15-54666-005-0080","Residential","0110 Single Family Home","54666","MANDALAY SUB","828 ELDORADO AVE","CLEARWATER, FL 33767","SAMPLE OWNER 07","","","","","","","","","","2810","1","3796","3003","1970","1970","","4095200","121030260041","A","N/A","14/32","2026","3480632","1346786","1295375","1321786","1295375","19.3522","CW","CLEARWATER","0","66834","Yes","Gulf","None","0.133","","2301.0","","01","N","N","N","Y","","","RLM - RESIDENTIAL LOW MEDIUM","","","","Yes","No","","396304","15282","3069046","0110","15/29","CW","CLEARWATER","Y","27.994568247","33767","","","AVE","","","828","ELDORADO","-82.828022487","CLEARWATER"
"152832546840000010","32-28-15-54684-000-0010","Residential","0110 Single Family Home","54684","MANDALAY POINT SUB","1100 MANDALAY PT","CLEARWATER, FL 33767","SAMPLE OWNER 08","","","","","","","","","","4849","1","7064","5154","1962","1962","","11405000","121030260041","A","N/A","20/68","2026","9719664","2540145","2488734","2515145","2488734","19.3522","CW","CLEARWATER","0","187815","Yes","Gulf","None","0.8934","","2301.0","","01","N","N","N","Y","","","P - PRESERVATION","","","","Yes","No","","298050","131329","9290285","0110","15/28","CW","CLEARWATER","Y","28.006237158","33767","","","PT","","","1100","MANDALAY","-82.82709895","CLEARWATER"
"163209056340030580","09-32-16-05634-003-0580","Residential","0110 Single Family Home","05634","BAYWAY ISLES UNIT 1","4910 60TH AVE S","ST PETERSBURG, FL 33715","SAMPLE OWNER 09","","","","","","","","","","5068","1","7669","5710","1972","1972","","3172100","121030201071","A","N/A","60/80","2026","2700293","1286381","1234970","1261381","1234970","19.919700000000002","SP","ST PETERSBURG","0","53536","Yes","Canal/River","None","0.5418","","109.0","","01","N","N","N","Y","","","RLM - RESIDENTIAL LOW MEDIUM","","","","Yes","No","","1026306","106801","1567186","0110","16/32","SP","ST PETERSBURG","Y","27.712361575","33715","","S","AVE","","","4910","60TH","-82.694734528","ST PETERSBURG"
"153123435060050470","23-31-15-43506-005-0470","Residential","0110 Single Family Home","43506","ISLE OF PALMS 2ND ADD","11445 7TH ST E","TREASURE ISLAND, FL 33706","SAMPLE OWNER 10","","","","","","","","","","1531","1","2077","1720","1973","1973","","521200","121030279052","A","N/A","39/28","2026","446141","446141","394730","421141","394730","16.5501","TI","TREASURE ISLAND","0","7323","Yes","Canal/River","None","0.1671","","305.0","","01","N","N","N","Y","","","RLM - RESIDENTIAL LOW MEDIUM","","","","Yes","No","","74123","8986","363032","0110","15/31","TI","TREASURE ISLAND","Y","27.778824095","33706","","E","ST","","","11445","7TH","-82.76403944","TREASURE ISLAND"
"152812353660001500","12-28-15-35366-000-1500","Residential","0110 Single Family Home","35366","HAMMOCKS, THE UNIT II","401 HAMMOCK DR","PALM HARBOR, FL 34683","SAMPLE OWNER 11","","","","","","","","","","1666","1","2418","1876","1984","1984","","528800","121030272083","NON EVAC","N/A","88/28","2026","450601","177671","116260","142671","66260","18.0529","PHMT","PALM HARBOR COM SVC","197","7944","No","","None","0.2415","","1911.0","","01","N","N","N","N","","","RLM - RESIDENTIAL LOW MEDIUM","","","","Yes","No","","255274","34443","160884","0110","15/28","PHMT","PALM HARBOR COM SVC","N","28.063724335","34683","","","DR","","","401","HAMMOCK","-82.758641993","PALM HARBOR"
"163123783900120160","23-31-16-78390-012-0160","Residential","0110 Single Family Home","78390","ST PETERSBURG INVESTMENT CO SUB","2201 BURLINGTON AVE N","ST PETERSBURG, FL 33713","SAMPLE OWNER 12","","","","","","","","","","2638","1","3582","2816","2007","2007","","1165200","121030218003","NON EVAC","N/A","1/16","2026","979071","343057","291646","318057","291646","19.919700000000002","SP","ST PETERSBURG","0","19476","No","","None","0.1557","","1104.0","","01","N","N","N","Y","","","RM - RESIDENTIAL MEDIUM","","","","Yes","No","","590612","0","388459","0110","16/31","SP","ST PETERSBURG","N","27.774056452","33713","","N","AVE","","","2201","BURLINGTON","-82.663255422","ST PETERSBURG"
"162828895770000470","28-28-16-89577-000-0470","Residential","0110 Single Family Home","89577","TANGELO GROVE VILLAGE","28 VALENCIA CIR","SAFETY HARBOR, FL 34695","SAMPLE OWNER 13","","","","","","","","","","1572","1","2438","1833","1981","1981","","447400","121030268151","NON EVAC","N/A","81/5","2026","381775","162363","105952","132363","105952","17.4172","HR","SAFETY HARBOR","0","6513","No","","None","0.2043","","2002.0","","01","N","N","N","Y","","","RLM - RESIDENTIAL LOW MEDIUM","","","","Yes","No","","179123","25603","177049","0110","16/28","HR","SAFETY HARBOR","N","28.02403029","34695","","","CIR","","","28","VALENCIA","-82.698549839","SAFETY HARBOR"
"163036785880030060","36-30-16-78588-003-0060","Residential","0110 Single Family Home","78588","SALINAS EUCLID PARK SUB","1043 61ST AVE N","ST PETERSBURG, FL 33703","SAMPLE OWNER 14","","","","","","","","","","1020","1","1131","985","1956","1956","","331300","121030243013","B","N/A","31/37","2026","282885","77124","25713","52124","25713","19.919700000000002","SP","ST PETERSBURG","0","5540","No","","None","0.1857","","1001.0","","01","N","N","N","Y","","","RM - RESIDENTIAL MEDIUM","","","","Yes","No","","99418","0","183467","0110","16/30","SP","ST PETERSBURG","N","27.827757115","33703","","N","AVE","","","1043","61ST","-82.649054463","ST PETERSBURG"
"162831400720220060","31-28-16-40072-022-0060","Condo","0430 Condominium","40072","HILL CREST VILLAS","24862 US HIGHWAY 19 N # 2206","CLEARWATER, FL 33763","SAMPLE OWNER 15","","","","","","","","","","600","1","600","600","1979","1979","","96180","121030269121","NON EVAC","N/A","33/30","2026","81753","58173","25000","33173","0","19.3522","CW","CLEARWATER","0","1582","No","","None","0","","7523.01","","04","N","N","N","Y","","","MMC - MULTIMODAL CORRIDOR","","","","Yes","No","","0","0","0","0430","16/28","CW","CLEARWATER","N","27.998941228","33763","# 2206","N","","","","24862","US HIGHWAY 19","-82.731697205","CLEARWATER"
"143001637360003010","01-30-14-63736-000-3010","Condo","0430 Condominium","63736","OCEANWAY CONDO","1912 GULF BLVD # 301","INDIAN ROCKS BEACH, FL 33785","SAMPLE OWNER 16","","","","","","","","","","1221","1","1221","1221","2004","2004","","833585","121030276031","A","N/A","133/57","2026","708547","708547","708547","708547","708547","15.8672","IRB","INDIAN ROCKS BEACH","360","11243","No","","None","0","","7604.08","","04","N","N","N","Y","","","R - RESORT","","","","No","Yes","","0","0","0","0430","14/30","IRB","INDIAN ROCKS BEACH","Y","27.902089814","33785","# 301","","BLVD","","","1912","GULF","-82.848284189","INDIAN ROCKS BEACH"
"173106005400110130","06-31-17-00540-011-0130","Residential","0110 Single Family Home","00540","ALLENDALE TERRACE","820 41ST AVE N","ST PETERSBURG, FL 33703","SAMPLE OWNER 17","","","","","","","","","","1148","1","1464","1139","1950","1950","","416000","121030241001","D","N/A","7/18","2026","356137","356137","356137","356137","356137","19.919700000000002","SP","ST PETERSBURG","0","6984","No","","None","0.1352","","1008.0","","01","N","N","N","Y","","","RM - RESIDENTIAL MEDIUM","","","","No","Yes","","112835","2342","240961","0110","17/31","SP","ST PETERSBURG","N","27.809041555","33703","","N","AVE","","","820","41ST","-82.644625542","ST PETERSBURG"
"162833417430000110","33-28-16-41743-000-0110","Residential","0110 Single Family Home","41743","HUNTINGTON ESTATES","922 WYNGATE CT","SAFETY HARBOR, FL 34695","SAMPLE OWNER 18","","","","","","","","","","2573","1","3755","2919","1996","1996","","906100","121030268171","D","N/A","113/52","2026","768846","768846","768846","768846","768846","17.4172","HR","SAFETY HARBOR","0","13269","No","Pond","None","0.2517","","2011.0","","01","N","N","N","Y","","","RLM - RESIDENTIAL LOW MEDIUM","","","","No","Yes","","482927","26699","259221","0110","16/28","HR","SAFETY HARBOR","N","28.004895436","34695","","","CT","","","922","WYNGATE","-82.697133874","SAFETY HARBOR"
"163104161280211022","04-31-16-16128-021-1022","Condo","0430 Condominium","16128","CLEARVIEW OAKS CONDO","4042 55TH WAY N # 1022","KENNETH CITY, FL 33709","SAMPLE OWNER 19","","","","","","","","","","875","1","875","875","1965","1965","","116239","121030248012","E","N/A","1/7","2026","98803","98803","47392","73803","22392","18.174500000000002","KC","KENNETH CITY","146","1796","No","","None","0","","7706.02","","04","N","N","N","Y","","","RM - RESIDENTIAL MEDIUM","","","","Yes","No","","0","0","0","0430","16/31","KC","KENNETH CITY","N","27.809044549","33709","# 1022","N","WAY","","","4042","55TH","-82.709174384","KENNETH CITY"
"153028801090021010","28-30-15-80109-002-1010","Condo","0431 Condominium (land lease)","80109","SEMINOLE SQUARE APTS","11710 PARK BLVD # 101","SEMINOLE, FL 33772","SAMPLE OWNER 20","","","","","","","","","","1100","1","1100","1100","1972","1972","","95310","121030251091","NON EVAC","N/A","13/7","2026","81014","81014","24603","51014","24603","15.9465","SM","SEMINOLE","66","1292","No","","None","0","","7705.12","","04","N","N","N","Y","","","RM - RESIDENTIAL MEDIUM","","","","Yes","No","","0","0","0","0431","15/30","SM","SEMINOLE","N","27.843012803","33772","# 101","","BLVD","","","11710","PARK","-82.801138705","SEMINOLE"
"163130036210001060","30-31-16-03621-000-1060","Condo","0430 Condominium","03621","BAY ISLAND GROUP NO. 10","7700 SUN ISLAND DR S # 106","SOUTH PASADENA, FL 33707","SAMPLE OWNER 21","","","","","","","","","","855","1","855","855","1978","1978","","169611","121030281041","A","N/A","31/46","2026","144169","144169","92758","119169","92758","18.642200000000003","SPA","SOUTH PASADENA","0","2688","No","","None","0","","7609.01","","04","N","N","N","Y","","","RH - RESIDENTIAL HIGH","","","","Yes","No","","0","0","0","0430","16/31","SPA","SOUTH PASADENA","Y","27.753168687","33707","# 106","S","DR","","","7700","SUN ISLAND","-82.745906983","SOUTH PASADENA"
"152916851850000602","16-29-15-85185-000-0602","Condo","0430 Condominium","85185","STATION SQUARE CONDO","628 CLEVELAND ST # 602","CLEARWATER, FL 33755","SAMPLE OWNER 22","","","","","","","","","","1484","1","1484","1484","2008","2008","","472295","121030259022","NON EVAC","N/A","154/70","2026","401451","401451","345040","371451","345040","19.3522","CWDO","CLEARWATER DOWNTOWN HX","0","7769","No","","None","0","","7301.01","","04","N","N","N","Y","CWI","Clearwater TIF","AC - ACTIVITY CENTER","","","","Yes","No","829","0","0","0","0430","15/29","CWDO","CLEARWATER DOWNTOWN HX","N","27.966088215","33755","# 602","","ST","","","628","CLEVELAND","-82.797735102","CLEARWATER"
"173119945800001102","19-31-17-94580-000-1102","Condo","0430 Condominium","94580","WALKER-WHITNEY PLAZA CONDO","226 5TH AVE N # 1102","ST PETERSBURG, FL 33701","SAMPLE OWNER 23","","","","","","","","","","1285","1","1285","1285","2007","2007","","555371","121030215012","NON EVAC","N/A","150/64","2026","472065","472065","420654","447065","420654","19.919700000000002","SP","ST PETERSBURG","0","9403","No","","None","0","","7913.08","","04","N","N","N","Y","","","AC - ACTIVITY CENTER","","","","Yes","No","","0","0","0","0430","17/31","SP","ST PETERSBURG","N","27.777291778","33701","# 1102","N","AVE","","","226","5TH","-82.636388517","ST PETERSBURG"
"163110115740060090","10-31-16-11574-006-0090","Residential","0810 Single Family - more than one house per parcel","11574","BROADACRES","4126 35TH AVE N","ST PETERSBURG, FL 33713","SAMPLE OWNER 24","","","","","","","","","","2178","2","2928","2346","1950","1950","","366100","121030228011","NON EVAC","N/A","9/101","2026","314866","246646","195235","221646","195235","19.919700000000002","SP","ST PETERSBURG","0","6058","No","","None","0.1458","","1101.0","","08","N","N","N","Y","","","RM - RESIDENTIAL MEDIUM","","","","Yes","No","","197655","3282","113929","0810","16/31","SP","ST PETERSBURG","N","27.803446862","33713","","N","AVE","","","4126","35TH","-82.690441206","ST PETERSBURG"
"152827117720020080","27-28-15-11772-002-0080","Residential","0810 Single Family - more than one house per parcel","11772","BROADWAY ADD RESUB","1125 BROADWAY","DUNEDIN, FL 34698","SAMPLE OWNER 25","","","","","","","","","","2804","3","4976","3404","2011","2011","","925800","121030271082","A","N/A","5/64","2026","783986","467934","416523","478276","416523","17.6017","DN","DUNEDIN","0","13659","No","","None","0.1722","","1607.0","","08","N","N","N","N","","","RM - RESIDENTIAL MEDIUM","","","","Yes","Yes","","461761","42405","279820","0810","15/28","DN","DUNEDIN","N","28.018559695","34698","","","","","","1125","BROADWAY","-82.78951242","DUNEDIN"
"153034093780100020","34-30-15-09378-010-0020","Commercial","2125 Restaurant, Cafeteria","09378","BLOSSOM LAKE VILLAGE SEC 3","5903 SEMINOLE BLVD","SEMINOLE, FL 33772","SAMPLE OWNER 26","","","","","","","","","","2237","0","2394","2324","1958","1958","","","121030251072","NON EVAC","N/A","47/58","2026","490000","392182","392182","490000","392182","15.9465","SM","SEMINOLE","825","7814","No","","None","0.3666","","6300.0","","21","N","N","N","Y","","","R&S - RETAIL & SERVICES","","","","No","Yes","","134106","39471","316424","2125","15/30","SM","SEMINOLE","N","27.826003669","33772","","","BLVD","","","5903","SEMINOLE","-82.786573462","SEMINOLE"
"153136682830000660","36-31-15-68283-000-0660","Commercial","0311 Apartments (10 - 49 units)","68283","PENGUIN CABANA SUB","7801 W GULF BLVD","TREASURE ISLAND, FL 33706","SAMPLE OWNER 27","","","","","","","","","","3090","10","3710","3270","1949","1949","","","121030279013","A","N/A","23/38","2026","735000","735000","735000","735000","735000","16.5501","TI","TREASURE ISLAND","0","12164","No","","Gulf","0.1881","","5200.0","","03","N","N","N","Y","","","RM - RESIDENTIAL MEDIUM","","","","No","Yes","","58947","0","676053","0311","15/31","TI","TREASURE ISLAND","N","27.743595124","33706","","","BLVD","W","","7801","GULF","-82.758559545","TREASURE ISLAND"
"163019038080000060","19-30-16-03808-000-0060","Residential","0110 Single Family Home","03808","BAYOU CLUB ESTATES PHASE 8","7225 BRYCE PT","PINELLAS PARK, FL 33782","SAMPLE OWNER 28","","","","","","","","","","3109","1","4170","3416","1999","1999","","1270400","121030250042","C","N/A","109/59","2026","1074735","555577","504166","530577","504166","20.489900000000002","PFW","PINELLAS PARK FIRE, WTR MGT","323","21571","No","","None","0.3071","","2607.0","","01","N","N","N","Y","","","RLM - RESIDENTIAL LOW MEDIUM","","","","Yes","No","","723668","41146","309922","0110","16/30","PFW","PINELLAS PARK FIRE, WTR MGT","N","27.85346508","33782","","","PT","","","7225","BRYCE","-82.738479158","PINELLAS PARK"
"152726393570000400","26-27-15-39357-000-0400","Residential","0110 Single Family Home","39357","HIGHLANDS OF INNISBROOK","1307 PLAYMOOR DR","PALM HARBOR, FL 34683","SAMPLE OWNER 29","","","","","","","","","","4681","1","6455","5096","2008","2008","","2000600","121030272113","NON EVAC","N/A","117/6","2026","1708650","1070340","1018929","1045340","1018929","18.0529","PHMT","PALM HARBOR COM SVC","323","30511","No","","None","0.4059","","1914.0","","01","N","N","N","Y","","","RVL - RESIDENTIAL VERY LOW","","","","Yes","No","","1344785","88731","275134","0110","15/27","PHMT","PALM HARBOR COM SVC","N","28.105553067","34683","","","DR","","","1307","PLAYMOOR","-82.760368264","PALM HARBOR"
"162804118680000330","04-28-16-11868-000-0330","Residential","0110 Single Family Home","11868","BROOKERS LANDING PHASE ONE","2079 OTTER WAY","PALM HARBOR, FL 34685","SAMPLE OWNER 30","","","","","","","","","","2848","1","3412","2879","1995","1995","","601300","121030273241","A","N/A","112/15","2026","511606","270807","214396","240807","214396","18.0519","ETF","EAST LAKE FIRE","213","8975","No","Park/Cons/Pres","None","0.1759","","1701.0","","01","N","N","N","Y","","","P - PRESERVATION","","","","Yes","No","","368369","28978","114259","0110","16/28","ETF","EAST LAKE FIRE","N","28.080352809","34685","","","WAY","","","2079","OTTER","-82.698470627","PALM HARBOR"
"153123132010077080","23-31-15-13201-007-7080","Condo","0430 Condominium","13201","CAPRI HARBOR CONDO","12142 CAPRI CIR S","TREASURE ISLAND, FL 33706","SAMPLE OWNER 31","","","","","","","","","","1450","1","1450","1450","1985","1985","","438752","121030279051","A","N/A","82/127","2026","372939","246929","190518","216929","190518","16.5501","TI","TREASURE ISLAND","0","6172","No","","None","0","","7618.01","","04","N","N","N","Y","","","RM - RESIDENTIAL MEDIUM","","","","Yes","No","","0","0","0","0430","15/31","TI","TREASURE ISLAND","Y","27.779268697","33706","","S","CIR","","","12142","CAPRI","-82.775923073","TREASURE ISLAND"
"163132054900050150","32-31-16-05490-005-0150","Residential","0110 Single Family Home","05490","BAY VIEW PARK SEC P","5869 27TH AVE S","GULFPORT, FL 33707","SAMPLE OWNER 32","","","","","","","","","","1109","1","1684","1283","1973","1973","","505900","121030284033","A","N/A","10/79","2026","427989","427989","376578","402989","376578","17.493000000000002","GP","GULFPORT","0","7412","No","","None","0.1818","","1302.0","","01","N","N","N","Y","","","RLM - RESIDENTIAL LOW MEDIUM","","","","Yes","No","","217306","2115","208568","0110","16/31","GP","GULFPORT","N","27.743959365","33707","","S","AVE","","","5869","27TH","-82.714274233","GULFPORT"
"153112173520030110","12-31-15-17352-003-0110","Residential","0110 Single Family Home","17352","COLONIAL LANE JUNGLE ADD","8301 35TH AVE N","ST PETERSBURG, FL 33710","SAMPLE OWNER 33","","","","","","","","","","2109","1","3093","2376","1965","1965","","727000","121030224023","B","N/A","58/86","2026","618932","481966","430555","456966","430555","19.919700000000002","SP","ST PETERSBURG","0","12109","No","","None","0.2628","","201.0","","01","N","N","N","Y","","","RLM - RESIDENTIAL LOW MEDIUM","","","","Yes","No","","348388","4825","265719","0110","15/31","SP","ST PETERSBURG","N","27.804068652","33710","","N","AVE","","","8301","35TH","-82.755878702","ST PETERSBURG"
"153019164430000033","19-30-15-16443-000-0033","Residential","0133 Planned Unit Development","16443","CLEARWATER COVE","14505 CATALINA CIR","SEMINOLE, FL 33776","SAMPLE OWNER 34","","","","","","","","","","1564","1","1564","1564","1980","1980","","276024","121030251223","B","N/A","73/14","2026","234620","234620","183209","209620","183209","18.1029","STFU","SEMINOLE FIRE, USSD","84","4247","No","","None","0.0469","","7116.03","","01","N","N","N","Y","","","RLM - RESIDENTIAL LOW MEDIUM","","","","Yes","No","765","0","0","0","0133","15/30","STFU","SEMINOLE FIRE, USSD","N","27.858381687","33776","","","CIR","","","14505","CATALINA","-82.839054428","SEMINOLE"
"163036606960050110","36-30-16-60696-005-0110","Residential","0110 Single Family Home","60696","NORTH EUCLID EXTENSION NO. 1","1045 56TH AVE N","ST PETERSBURG, FL 33703","SAMPLE OWNER 35","","","","","","","","","","792","1","816","772","1953","1953","","268700","121030243013","B","N/A","10/41","2026","230025","204431","153020","179431","153020","19.919700000000002","SP","ST PETERSBURG","0","4498","No","","None","0.1312","","1001.0","","01","N","N","N","Y","","","RM - RESIDENTIAL MEDIUM","","","","Yes","No","","88540","868","140618","0110","16/30","SP","ST PETERSBURG","N","27.823247828","33703","","N","AVE","","","1045","56TH","-82.649090037","ST PETERSBURG"
"152701008640020310","01-27-15-00864-002-0310","Residential","0110 Single Family Home","00864","ALTA VISTA SUB","1781 WILMAR AVE","TARPON SPRINGS, FL 34689","SAMPLE OWNER 36","","","","","","","","","","2534","1","3829","2811","2004","2004","","584200","121030273081","C","N/A","9/134","2026","498604","318120","266709","293120","266709","18.0779","TF","TARPON SPRINGS FIRE","140","8951","No","","None","0.3939","","1801.0","","01","N","N","N","N","","","RLM - RESIDENTIAL LOW MEDIUM","","","","Yes","No","","399421","2812","96371","0110","15/27","TF","TARPON SPRINGS FIRE","N","28.169788412","34689","","","AVE","","","1781","WILMAR","-82.75107352","TARPON SPRINGS"
"152723764470000320","23-27-15-76447-000-0320","Residential","0110 Single Family Home","76447","ROLLING OAKS","1695 AUTUMNWOOD ST","TARPON SPRINGS, FL 34689","SAMPLE OWNER 37","","","","","","","","","","1468","1","2174","1672","1992","1992","","381900","121030275041","C","N/A","102/57","2026","326881","245423","194012","220423","194012","18.0779","TF","TARPON SPRINGS FIRE","223","5810","No","","None","0.14","","1807.0","","01","N","N","N","Y","","","RLM - RESIDENTIAL LOW MEDIUM","","","","Yes","No","","238202","23765","64914","0110","15/27","TF","TARPON SPRINGS FIRE","N","28.128629076","34689","","","ST","","","1695","AUTUMNWOOD","-82.771188084","TARPON SPRINGS"
"173130032940300071","30-31-17-03294-030-0071","Residential","0110 Single Family Home","03294","BAYBORO","110 18TH AVE S","ST PETERSBURG, FL 33705","SAMPLE OWNER 38","","","","","","","","","","1000","1","1512","1170","1924","1924","","320400","121030204002","C","N/A","1/19","2026","272144","272144","220733","247144","220733","19.919700000000002","SP","ST PETERSBURG","0","5393","No","","None","0.0927","","1301.0","","01","N","N","N","Y","","","RM - RESIDENTIAL MEDIUM","","","","Yes","No","","91307","0","180837","0110","17/31","SP","ST PETERSBURG","N","27.752442622","33705","","S","AVE","","","110","18TH","-82.634253074","ST PETERSBURG"
"162919085140030100","19-29-16-08514-003-0100","Residential","0110 Single Family Home","08514","BEVERLY TERRACE","2256 CURTIS DR S","CLEARWATER, FL 33764","SAMPLE OWNER 39","","","","","","","","","","1239","1","2042","1520","1965","1965","","356100","121030254123","D","N/A","41/69","2026","306148","223287","171876","198287","171876","17.422900000000002","CTF","CLEARWATER FIRE","140","5303","No","","None","0.2732","","2407.0","","01","N","N","N","N","","","RLM - RESIDENTIAL LOW MEDIUM","","","","Yes","No","","168271","2445","135433","0110","16/29","CTF","CLEARWATER FIRE","N","27.946491406","33764","","S","DR","","","2256","CURTIS","-82.743544968","CLEARWATER"
"152921181440000006","21-29-15-18144-000-0006","Residential","0110 Single Family Home","18144","CORBETT, PROPERTY OF M. J.","12 AMBLESIDE DR","BELLEAIR, FL 33756","SAMPLE OWNER 40","","","","","","","","","","2761","1","3436","2995","1967","1967","","1277200","121030257001","D","N/A","6/74","2026","1086553","545417","494006","520417","494006","20.4449","BL","BELLEAIR","0","21844","No","","None","0.3394","","2306.0","","01","N","N","N","Y","","","RLM - RESIDENTIAL LOW MEDIUM","","","","Yes","No","","348346","8265","729942","0110","15/29","BL","BELLEAIR","N","27.949876741","33756","","","DR","","","12","AMBLESIDE","-82.807801361","BELLEAIR"
"163029855160000390","29-30-16-85516-000-0390","Residential","0110 Single Family Home","85516","STONEBROOK CROSSING REPLAT","5969 81ST AVE","PINELLAS PARK, FL 33781","SAMPLE OWNER 41","","","","","","","","","","1508","1","2256","1732","2017","2017","","476900","121030249062","D","N/A","141/24","2026","407730","252145","200734","227145","200734","20.9842","PPW","PINELLAS PARK, PIN PK WTR MGT","92","8439","","","","0.1296","","401.0","","01","N","N","N","Y","","","","","","","Yes","No","","316181","6861","84688","0110","16/30","PPW","PINELLAS PARK, PIN PK WTR MGT","N","27.845352615","33781","","","AVE","","","5969","81ST","-82.715855039","PINELLAS PARK"
"163109963900010070","09-31-16-96390-001-0070","Residential","0110 Single Family Home","96390","WESTGATE MANOR 1ST ADD","3162 57TH ST N","ST PETERSBURG, FL 33710","SAMPLE OWNER 42","","","","","","","","","","1104","1","1616","1221","1961","1961","","313400","121030226023","E","N/A","50/14","2026","266488","266488","215077","241488","215077","19.919700000000002","SP","ST PETERSBURG","0","5219","No","","None","0.1842","","208.0","","01","N","N","N","Y","","","RLM - RESIDENTIAL LOW MEDIUM","","","","Yes","No","","102772","0","163716","0110","16/31","SP","ST PETERSBURG","N","27.800045077","33710","","N","ST","","","3162","57TH","-82.711603715","ST PETERSBURG"
"163119184860010050","19-31-16-18486-001-0050","Residential","0110 Single Family Home","18486","COUNTRY CLUB HOMES REPLAT","6748 5TH AVE N","ST PETERSBURG, FL 33710","SAMPLE OWNER 43","","","","","","","","","","838","1","1262","1022","1951","1951","","244100","121030223021","E","N/A","16/48","2026","209971","209971","158560","184971","158560","19.919700000000002","SP","ST PETERSBURG","0","4181","No","","None","0.2057","","212.0","","01","N","N","N","Y","","","RLM - RESIDENTIAL LOW MEDIUM","","","","Yes","No","858","43536","881","165553","0110","16/31","SP","ST PETERSBURG","N","27.776914436","33710","","N","AVE","","","6748","5TH","-82.731713234","ST PETERSBURG"
"163127803850030060","27-31-16-80385-003-0060","Residential","0110 Single Family Home","80385","SHADOW LAWN","4542 19TH AVE S","ST PETERSBURG, FL 33711","SAMPLE OWNER 44","","","","","","","","","","1782","1","2160","1895","2020","2020","","526300","121030201101","E","N/A","6/94","2026","449849","429893","378482","404893","378482","19.919700000000002","SP","ST PETERSBURG","0","8831","No","Residential","None","0.1291","","1201.0","","01","N","N","N","Y","SPIE","South St Petersburg TIF E","RM - RESIDENTIAL MEDIUM","","","","Yes","No","","347656","0","102193","0110","16/31","SP","ST PETERSBURG","N","27.750760193","33711","","S","AVE","","","4542","19TH","-82.694905959","ST PETERSBURG"
"152812005070002200","12-28-15-00507-000-2200","Residential","0110 Single Family Home","00507","ALLEN'S RIDGE - UNIT 3","288 ALPINE CT","PALM HARBOR, FL 34683","SAMPLE OWNER 45","","","","","","","","","","2178","1","2911","2396","1988","1988","","690600","121030272074","NON EVAC","N/A","95/57","2026","585824","464826","413415","439826","413415","18.0529","PHMT","PALM HARBOR COM SVC","195","10332","No","","None","0.2707","","1903.0","","01","N","N","N","Y","","","RLM - RESIDENTIAL LOW MEDIUM","","","","Yes","No","762","397641","31538","156645","0110","15/28","PHMT","PALM HARBOR COM SVC","N","28.070451074","34683","","","CT","","","288","ALPINE","-82.75672732","PALM HARBOR"
"152914504540000030","14-29-15-50454-000-0030","Residential","0110 Single Family Home","50454","LAUREL LAKE SUB","708 S DUNCAN AVE","CLEARWATER, FL 33756","SAMPLE OWNER 46","","","","","","","","","","1544","1","2229","1756","2020","2020","","490400","121030265012","NON EVAC","N/A","29/19","2026","420264","326224","274813","301224","274813","19.3522","CW","CLEARWATER","0","8062","No","","None","0.187","","2110.0","","01","N","N","N","Y","","","RLM - RESIDENTIAL LOW MEDIUM","","","","Yes","No","","325527","8796","85941","0110","15/29","CW","CLEARWATER","N","27.957495665","33756","","","AVE","S","","708","DUNCAN","-82.767143733","CLEARWATER"
"162831641040870500","31-28-16-64104-087-0500","Condo","0431 Condominium (land lease)","64104","ON TOP OF THE WORLD","2286 NORWEGIAN DR # 50","CLEARWATER, FL 33763","SAMPLE OWNER 47","","","","","","","","","","1070","1","1070","1070","1986","1986","","121518","121030269112","NON EVAC","N/A","85/116","2026","103290","103290","51879","78290","1879","17.422900000000002","CTF","CLEARWATER FIRE","70","1800","No","","None","0","","7516.02","","04","N","N","N","Y","","","RLM - RESIDENTIAL LOW MEDIUM","","","","Yes","No","","0","0","0","0431","16/28","CTF","CLEARWATER FIRE","N","27.998204702","33763","# 50","","DR","","","2286","NORWEGIAN","-82.74293836","CLEARWATER"
"162833803900080070","33-28-16-80390-008-0070","Residential","0110 Single Family Home","80390","SHADY OAK FARMS","3056 PIN OAK DR","CLEARWATER, FL 33759","SAMPLE OWNER 48","","","","","","","","","","1786","1","2499","2001","1983","1983","","465300","121030268131","NON EVAC","N/A","80/95","2026","397396","223850","172439","198850","172439","19.3522","CW","CLEARWATER","0","7441","No","","None","0.2589","","2009.0","","01","N","N","N","Y","","","RLM - RESIDENTIAL LOW MEDIUM","","","","Yes","No","","226773","37310","133313","0110","16/28","CW","CLEARWATER","N","28.005310425","33759","","","DR","","","3056","PIN OAK","-82.710497512","CLEARWATER"
